0.250995 0.376492 0.349253 0.509773 0.429999 0.295746 0.375520 0.336606 -0.187273 -0.068099 -0.157115 -0.276289 -0.043657 0.130848 0.244185 0.211108 264.215317 119.400293
0.251351 0.379472 0.349153 0.512483 0.414681 0.289494 0.377516 0.337417 -0.192181 -0.066505 -0.157461 -0.261131 -0.049146 0.032886 0.244505 0.217121 264.132723 119.500832
0.252369 0.379532 0.349209 0.512564 0.413768 0.289540 0.377576 0.337470 -0.192211 -0.066516 -0.157486 -0.261173 -0.049153 0.032891 0.244544 0.217155 263.977116 119.527616
0.252375 0.379540 0.349216 0.512575 0.413777 0.289546 0.377584 0.337478 -0.192215 -0.066517 -0.157490 -0.261178 -0.049154 0.032892 0.246016 0.217159 263.949212 119.537651
0.252398 0.379575 0.349248 0.512622 0.413815 0.289573 0.377619 0.337509 -0.191255 -0.066524 -0.157504 -0.261203 -0.049159 0.032895 0.246039 0.217180 263.915214 119.543025
0.252633 0.377970 0.349574 0.513100 0.413221 0.289843 0.376991 0.337823 -0.191923 -0.066585 -0.157651 -0.261446 -0.049082 0.032926 0.245779 0.216892 263.790666 119.563228
0.252230 0.380300 0.348038 0.512281 0.413540 0.289380 0.377367 0.337284 -0.192105 -0.067212 -0.157399 -0.262006 -0.049126 0.032873 0.242942 0.220457 263.782258 119.580910
0.252633 0.379929 0.345657 0.515059 0.415181 0.290822 0.376992 0.336845 -0.191433 -0.066586 -0.157651 -0.277113 -0.047369 0.128765 0.205142 0.212976 263.750471 119.614681
0.251404 0.379552 0.347270 0.512591 0.414768 0.290533 0.376617 0.336510 -0.191243 -0.066519 -0.157494 -0.278795 -0.047322 0.128637 0.204938 0.212764 263.726700 119.704646
0.252138 0.378207 0.348889 0.512095 0.414367 0.290252 0.376253 0.336184 -0.191058 -0.066455 -0.159297 -0.276570 -0.047276 0.128512 0.204740 0.212558 263.464270 119.741478
0.252047 0.378071 0.348763 0.511910 0.413241 0.289171 0.377094 0.337040 -0.191966 -0.066431 -0.156797 -0.275494 -0.058494 0.133351 0.210040 0.211505 263.378717 119.794427
0.252049 0.378074 0.348766 0.511914 0.413243 0.289173 0.377097 0.337043 -0.191968 -0.066432 -0.156798 -0.275496 -0.058494 0.133352 0.210529 0.211506 263.373039 119.797076
0.252359 0.379517 0.348217 0.514500 0.417665 0.291485 0.377561 0.337457 -0.190248 -0.068470 -0.157480 -0.277791 -0.047562 0.152100 0.247958 0.217146 263.295324 119.943425
0.252217 0.379304 0.348021 0.514210 0.417429 0.291321 0.377348 0.337267 -0.190141 -0.068431 -0.158369 -0.277635 -0.047535 0.152015 0.246352 0.218002 263.252848 119.973991
0.251469 0.379650 0.348338 0.514680 0.417810 0.291587 0.377693 0.337575 -0.190803 -0.068493 -0.156557 -0.277888 -0.047212 0.147750 0.248044 0.238260 263.126738 120.182156
0.252424 0.379614 0.348306 0.514632 0.417771 0.291559 0.377658 0.337544 -0.190786 -0.068487 -0.156542 -0.277862 -0.047207 0.147736 0.248021 0.238237 263.048422 120.186071
0.251173 0.380181 0.347929 0.514074 0.415364 0.291244 0.377249 0.337178 -0.191556 -0.068413 -0.159304 -0.275606 -0.047523 0.142201 0.245309 0.237002 262.683032 120.228518
0.251267 0.380322 0.348058 0.514266 0.415519 0.291352 0.377389 0.337304 -0.187717 -0.068438 -0.159364 -0.275709 -0.047540 0.142254 0.245401 0.237090 262.641407 120.258961
0.251643 0.378439 0.347228 0.513039 0.416478 0.290657 0.376488 0.336499 -0.189707 -0.068275 -0.159959 -0.277977 -0.047549 0.142890 0.246278 0.235061 262.555968 120.268254
0.251496 0.378711 0.347397 0.514734 0.415898 0.290639 0.379690 0.339568 -0.192781 -0.068745 -0.158041 -0.278896 -0.047706 0.153148 0.242199 0.241221 262.489403 120.301578
0.252997 0.379496 0.348116 0.513839 0.415778 0.290260 0.379496 0.339291 -0.192690 -0.068643 -0.157878 -0.278493 -0.047682 0.152975 0.241720 0.240739 262.288446 120.313785
0.252779 0.380148 0.349775 0.513396 0.414440 0.290010 0.378188 0.338018 -0.192034 -0.068583 -0.157252 -0.278253 -0.047518 0.152353 0.241022 0.240042 262.157330 120.341637
0.251540 0.377799 0.348436 0.512867 0.414013 0.289711 0.376820 0.336691 -0.192815 -0.066311 -0.161005 -0.277966 -0.047470 0.140451 0.246646 0.236369 262.065537 120.373720
0.252432 0.379627 0.348317 0.510735 0.413872 0.289612 0.376692 0.336576 -0.192749 -0.066288 -0.160461 -0.279828 -0.047576 0.142849 0.246562 0.236288 261.807935 120.416164
0.252590 0.380842 0.349514 0.513011 0.412171 0.288814 0.377905 0.337765 -0.195316 -0.068532 -0.160071 -0.276086 -0.047605 0.152729 0.241331 0.239373 261.704056 120.449237
0.251256 0.380307 0.349022 0.512290 0.411591 0.288407 0.377374 0.337290 -0.194064 -0.069413 -0.159846 -0.276675 -0.047538 0.142248 0.245391 0.238058 261.666043 120.464452
0.252250 0.380330 0.349043 0.512321 0.411617 0.288425 0.377397 0.337311 -0.194076 -0.069173 -0.159856 -0.276693 -0.047663 0.143235 0.246872 0.238073 261.635088 120.481669
0.253356 0.380523 0.349220 0.512581 0.410847 0.288571 0.377588 0.337482 -0.194174 -0.069453 -0.159937 -0.276833 -0.047688 0.148688 0.246997 0.235259 261.517074 120.490724
0.253246 0.380358 0.349069 0.512359 0.410670 0.288447 0.377425 0.337336 -0.195068 -0.068445 -0.159379 -0.278669 -0.047667 0.148623 0.246891 0.235157 261.471935 120.508257
0.251321 0.379426 0.348133 0.510465 0.410719 0.287503 0.376492 0.336398 -0.194603 -0.066497 -0.157442 -0.279680 -0.058796 0.142774 0.246431 0.235186 261.336460 120.518672
0.251289 0.379379 0.348090 0.510401 0.410668 0.287467 0.376445 0.336356 -0.194578 -0.066489 -0.157423 -0.279645 -0.059278 0.142756 0.246401 0.235645 261.307293 120.528101
0.251115 0.379115 0.347848 0.510047 0.410383 0.287268 0.376184 0.336123 -0.195420 -0.068153 -0.157313 -0.279451 -0.059237 0.142657 0.246230 0.235481 261.224277 120.553204
0.252260 0.379367 0.348079 0.510386 0.409678 0.287459 0.376434 0.336346 -0.194572 -0.068198 -0.166706 -0.275726 -0.047543 0.151551 0.241993 0.230260 261.218526 120.582061
0.252443 0.379153 0.347963 0.510735 0.409368 0.287532 0.376228 0.336266 -0.194450 -0.068228 -0.166671 -0.275836 -0.047516 0.151564 0.241722 0.230026 261.210147 120.585885
0.252353 0.380486 0.349186 0.514487 0.407873 0.289521 0.377552 0.343318 -0.199535 -0.069201 -0.157476 -0.278762 -0.047438 0.148673 0.250397 0.241105 261.003773 120.618305
0.252514 0.378772 0.349409 0.512859 0.408134 0.288728 0.376814 0.342558 -0.198194 -0.069980 -0.160513 -0.277962 -0.046979 0.149258 0.251536 0.235386 260.966760 120.645722
0.252515 0.378772 0.349410 0.512859 0.408134 0.288728 0.376814 0.342558 -0.198195 -0.069980 -0.160513 -0.277962 -0.046979 0.149258 0.251536 0.235876 260.959078 120.652134
0.252357 0.378535 0.349191 0.512538 0.407879 0.288547 0.376579 0.342344 -0.198071 -0.069936 -0.160413 -0.278766 -0.047072 0.148186 0.248444 0.240130 260.805339 120.709022
0.251469 0.378671 0.348338 0.510765 0.408025 0.287672 0.375735 0.341489 -0.197163 -0.069716 -0.159981 -0.275931 -0.059442 0.148239 0.246087 0.241195 260.547119 120.724887
0.251431 0.379592 0.348286 0.510689 0.405029 0.288608 0.374701 0.335567 -0.201047 -0.069217 -0.160935 -0.280781 -0.047694 0.143325 0.247028 0.235778 260.443453 120.755868
0.249999 0.378905 0.347655 0.509765 0.404296 0.288085 0.374023 0.333984 -0.200195 -0.076904 -0.160156 -0.279296 -0.047241 0.142578 0.246093 0.234863 260.371339 120.801595
0.251481 0.378689 0.349334 0.508833 0.399238 0.284751 0.375754 0.335634 -0.201576 -0.069231 -0.160967 -0.279858 -0.058589 0.143354 0.248545 0.214786 260.051641 120.803608
0.252438 0.378657 0.349303 0.508789 0.399204 0.284726 0.375721 0.335605 -0.201559 -0.069225 -0.160954 -0.279834 -0.058584 0.143342 0.249013 0.214768 260.017702 120.815089
0.253255 0.377438 0.350060 0.510422 0.404817 0.287479 0.375483 0.337348 -0.200942 -0.069181 -0.160851 -0.280634 -0.047669 0.143251 0.246900 0.235655 259.945635 120.816421
0.253249 0.378407 0.348095 0.514321 0.389163 0.290405 0.370585 0.335384 -0.201426 -0.069179 -0.160847 -0.279650 -0.058546 0.140803 0.237604 0.219515 259.938114 120.917231
0.253500 0.378782 0.348441 0.514831 0.389549 0.290693 0.370952 0.335717 -0.201626 -0.069248 -0.161007 -0.279927 -0.055545 0.141921 0.246649 0.219733 259.757758 120.948762
0.252384 0.378576 0.349229 0.514550 0.390314 0.290535 0.370750 0.335533 -0.202005 -0.069944 -0.160430 -0.277818 -0.058694 0.143311 0.241134 0.227928 259.650020 120.977617
0.253578 0.378899 0.348548 0.514989 0.388690 0.289804 0.371066 0.335820 -0.201688 -0.069269 -0.161057 -0.280013 -0.055684 0.141965 0.247214 0.220780 259.633553 121.008022
0.252410 0.378615 0.349265 0.514604 0.390355 0.290565 0.370789 0.335569 -0.202026 -0.069951 -0.160447 -0.277847 -0.058700 0.143326 0.248497 0.227952 259.531320 121.019904
0.252386 0.378579 0.348253 0.514554 0.389339 0.290537 0.370753 0.335536 -0.201517 -0.069210 -0.160920 -0.279777 -0.058572 0.143312 0.248473 0.227441 259.399566 121.069289
0.251133 0.379142 0.347872 0.508128 0.398685 0.284356 0.375233 0.335169 -0.201297 -0.069868 -0.169050 -0.278493 -0.047637 0.143155 0.248201 0.227192 259.259856 121.073297
0.252318 0.378477 0.349138 0.514416 0.389235 0.290459 0.370653 0.335446 -0.201463 -0.069192 -0.160388 -0.279701 -0.058556 0.143274 0.248406 0.230314 259.207084 121.100772
0.251350 0.377514 0.348174 0.514437 0.389250 0.290471 0.370668 0.332526 -0.206361 -0.069195 -0.170175 -0.273845 -0.049145 0.139856 0.244993 0.228856 258.951098 121.113949
0.251347 0.377509 0.348169 0.514430 0.389245 0.290467 0.371641 0.332521 -0.206359 -0.069194 -0.170173 -0.273841 -0.049145 0.139855 0.244990 0.229831 258.866933 121.117921
0.253162 0.379254 0.347975 0.512188 0.390984 0.285418 0.375344 0.336246 -0.208199 -0.069400 -0.161281 -0.280531 -0.053394 0.131468 0.246320 0.235079 258.839908 121.160367
0.250911 0.378808 0.347566 0.513538 0.388571 0.289964 0.370997 0.333898 -0.207466 -0.068586 -0.168413 -0.277272 -0.047351 0.133266 0.250911 0.230409 258.822427 121.173699
0.252488 0.379220 0.348025 0.512776 0.387994 0.289533 0.370446 0.331452 -0.205695 -0.068971 -0.169625 -0.275885 -0.048987 0.139405 0.241765 0.230067 258.803772 121.187213
0.250350 0.378934 0.346788 0.512389 0.386727 0.288341 0.369193 0.330228 -0.204566 -0.075982 -0.169010 -0.274703 -0.048828 0.138813 0.241096 0.229406 258.758869 121.280160
0.252125 0.378188 0.348871 0.510113 0.389914 0.284374 0.374279 0.335189 -0.206195 -0.069383 -0.168083 -0.279487 -0.049350 0.140232 0.243330 0.233558 258.107054 121.337539
0.251779 0.378644 0.349367 0.507461 0.391330 0.284959 0.372788 0.334729 -0.207376 -0.068556 -0.171268 -0.278127 -0.047330 0.140040 0.242996 0.233237 257.910603 121.342180
0.254223 0.379861 0.350415 0.520224 0.372009 0.291522 0.372009 0.335692 -0.208580 -0.069200 -0.166864 -0.274835 -0.049446 0.140362 0.247352 0.220359 257.897875 121.342384
0.253557 0.378867 0.349497 0.518862 0.372014 0.290758 0.372014 0.332855 -0.206566 -0.069263 -0.161532 -0.279990 -0.058861 0.140484 0.236425 0.230061 257.835063 121.423678
0.254051 0.379123 0.349809 0.519828 0.371306 0.291182 0.371306 0.335152 -0.208615 -0.069131 -0.161225 -0.280433 -0.053375 0.131423 0.246234 0.235974 257.676623 121.490799
0.253734 0.380112 0.348762 0.519225 0.371295 0.290962 0.371295 0.336026 -0.209649 -0.068822 -0.161645 -0.281165 -0.053514 0.131765 0.246877 0.236590 257.614035 121.510973
0.256360 0.378669 0.350293 0.518591 0.370841 0.290607 0.370841 0.335616 -0.208904 -0.062867 -0.169276 -0.278865 -0.051370 0.140411 0.242172 0.230430 257.345254 121.550131
0.256944 0.378089 0.348780 0.517796 0.370273 0.290161 0.370273 0.334125 -0.207607 -0.068388 -0.169016 -0.280392 -0.047261 0.139707 0.246197 0.219331 257.263214 121.553882
0.253760 0.378190 0.347818 0.517317 0.370352 0.290011 0.370352 0.336060 -0.209180 -0.068829 -0.169500 -0.279234 -0.047519 0.126880 0.242493 0.230735 257.167787 121.611114
0.253084 0.378160 0.348845 0.517893 0.370342 0.290215 0.370342 0.335165 -0.208623 -0.068645 -0.169048 -0.278490 -0.051301 0.140222 0.241846 0.230120 256.978095 121.620135
0.252880 0.377855 0.347587 0.517476 0.370044 0.289982 0.370044 0.334895 -0.208455 -0.068590 -0.168912 -0.279242 -0.055531 0.141574 0.242140 0.230423 256.929111 121.662915
0.253050 0.378109 0.348798 0.517824 0.370293 0.290177 0.369316 0.340005 -0.210060 -0.069369 -0.170979 -0.277475 -0.047386 0.140203 0.243279 0.231067 256.658720 121.663340
0.252394 0.377130 0.347895 0.516483 0.369334 0.289425 0.368359 0.339125 -0.209517 -0.069189 -0.170537 -0.276757 -0.058226 0.139840 0.242649 0.227545 256.467097 121.700190
0.252288 0.376970 0.347748 0.516264 0.369178 0.289303 0.368204 0.338981 -0.209428 -0.069160 -0.175822 -0.276640 -0.047243 0.139781 0.245469 0.219656 256.101205 121.714775
0.251096 0.377133 0.346845 0.515871 0.370294 0.289201 0.369317 0.330236 -0.189055 -0.064240 -0.226671 -0.261844 0.048363 0.066682 0.234976 0.230579 255.540694 121.945616
0.253098 0.376227 0.346910 0.515968 0.370363 0.289255 0.369386 0.330298 -0.189091 -0.064252 -0.226713 -0.261893 0.048494 0.066695 0.235019 0.230622 255.232512 121.953516
0.253091 0.376216 0.346900 0.515953 0.370353 0.289246 0.369375 0.330288 -0.189085 -0.064250 -0.226707 -0.261885 0.048371 0.066693 0.235013 0.230615 255.214956 121.953870
0.252990 0.375562 0.347126 0.515785 0.370659 0.289271 0.369679 0.330456 -0.189252 -0.064228 -0.227004 -0.261815 0.048416 0.066679 0.235339 0.230927 255.193763 121.961644
0.251085 0.377608 0.348184 0.511978 0.369762 0.287374 0.371723 0.333472 -0.190275 -0.064488 -0.227546 -0.262854 0.048550 0.066940 0.235882 0.231469 255.047215 122.064877
0.250752 0.377108 0.347723 0.513259 0.369272 0.286994 0.371231 0.333031 -0.190023 -0.064402 -0.238509 -0.249283 0.048118 0.067830 0.237039 0.230673 254.829572 122.111542
0.250953 0.376918 0.349577 0.511671 0.369106 0.287082 0.371059 0.332977 -0.189924 -0.064447 -0.238259 -0.249000 0.048091 0.067865 0.236794 0.230447 254.588236 122.130253
0.250693 0.377019 0.349599 0.511179 0.369185 0.286926 0.371143 0.332952 -0.189978 -0.064387 -0.238452 -0.249224 0.048107 0.067814 0.236983 0.230618 254.505030 122.144403
0.251925 0.376911 0.349571 0.509709 0.369100 0.288054 0.368123 0.333947 -0.189920 -0.064446 -0.239231 -0.248508 0.047480 0.062493 0.241672 0.229955 254.325550 122.170650
0.253436 0.378686 0.349330 0.508828 0.368900 0.287684 0.367922 0.334652 -0.190321 -0.064582 -0.239736 -0.249032 0.051739 0.062625 0.242183 0.229462 254.250626 122.201708
0.254969 0.377080 0.350704 0.507983 0.369265 0.287206 0.367311 0.337027 -0.190494 -0.064475 -0.238361 -0.249107 0.048112 0.062521 0.241780 0.230058 254.163696 122.225590
0.255143 0.377338 0.350944 0.508331 0.368540 0.287403 0.368540 0.334326 -0.190135 -0.064519 -0.239502 -0.248789 0.051688 0.062564 0.241946 0.230215 254.024447 122.241114
0.257039 0.377252 0.350864 0.508215 0.368456 0.287337 0.367478 0.334249 -0.190092 -0.064504 -0.239447 -0.248732 0.051677 0.062550 0.241891 0.230163 253.796200 122.270158
0.251835 0.376777 0.349446 0.509528 0.368968 0.281119 0.376777 0.336757 -0.189853 -0.068327 -0.239146 -0.248419 0.051612 0.062471 0.241586 0.229385 253.689174 122.288151
0.251580 0.376881 0.349471 0.509033 0.369049 0.280947 0.376881 0.336745 -0.189909 -0.068279 -0.239344 -0.248643 0.051638 0.062528 0.241791 0.229554 253.554389 122.302730
0.255376 0.377682 0.349307 0.506838 0.368876 0.286686 0.366919 0.336587 -0.191777 -0.064578 -0.240699 -0.249994 0.051858 0.062376 0.241678 0.229936 253.471793 122.311114
0.256046 0.378205 0.349864 0.506227 0.368432 0.286341 0.367455 0.337159 -0.191546 -0.068409 -0.238943 -0.248227 0.051551 0.062423 0.241386 0.230148 253.393878 122.328449
0.256568 0.377018 0.350578 0.507261 0.369184 0.278112 0.378977 0.337848 -0.190468 -0.064632 -0.240410 -0.249714 0.051901 0.062673 0.241879 0.227190 253.314507 122.363835
0.257077 0.377307 0.350915 0.506334 0.369487 0.277604 0.379261 0.337230 -0.190608 -0.064514 -0.240460 -0.249746 0.051929 0.062559 0.241926 0.227264 253.156551 122.380953
0.257119 0.377368 0.350972 0.506416 0.369547 0.277649 0.379323 0.337285 -0.190639 -0.064524 -0.240988 -0.248809 0.051937 0.062569 0.241965 0.227790 253.136401 122.381095
0.256182 0.378407 0.350051 0.506498 0.369607 0.277694 0.378407 0.344184 -0.190670 -0.064779 -0.240538 -0.249827 0.052434 0.062823 0.242982 0.231249 252.797473 122.409332
0.251732 0.378087 0.348702 0.507382 0.369272 0.278178 0.379067 0.343805 -0.195410 -0.066606 -0.248793 -0.238508 0.051791 0.062566 0.242426 0.234590 252.642424 122.437653
0.255503 0.377870 0.349480 0.507089 0.369059 0.278018 0.378849 0.343607 -0.195298 -0.066568 -0.248161 -0.237882 0.051639 0.062407 0.241797 0.233966 252.512767 122.459058
0.255162 0.377366 0.349015 0.504459 0.367590 0.276670 0.377366 0.342172 -0.194549 -0.066235 -0.246852 -0.236587 0.032384 0.069412 0.244897 0.229744 252.453491 122.561705
0.255229 0.376999 0.348748 0.504613 0.368231 0.276661 0.376999 0.341929 -0.194344 -0.066243 -0.246949 -0.236720 0.032391 0.069409 0.245001 0.232824 252.418539 122.587377
0.253253 0.376458 0.350057 0.504551 0.367657 0.277699 0.378413 0.343212 -0.195073 -0.062580 -0.247875 -0.247386 0.051580 0.070647 0.244942 0.229786 252.095020 122.598373
0.253899 0.378896 0.349600 0.503893 0.367178 0.277336 0.377919 0.342764 -0.194819 -0.062498 -0.247552 -0.247064 0.051512 0.070555 0.244622 0.229486 251.968639 122.600452
0.255893 0.377979 0.349655 0.503972 0.367235 0.277380 0.377979 0.342818 -0.194850 -0.062508 -0.247591 -0.247102 0.051520 0.070566 0.244661 0.229522 251.931315 122.624230
0.255446 0.376345 0.348070 0.505043 0.367570 0.276896 0.377320 0.342220 -0.194510 -0.066299 -0.247159 -0.246671 0.051431 0.070443 0.241309 0.233509 251.615496 122.679233
0.257245 0.377553 0.351144 0.506664 0.361903 0.278763 0.379509 0.344297 -0.195623 -0.062844 -0.247953 -0.244040 0.051718 0.070913 0.245507 0.230346 251.585784 122.686802
0.254946 0.377046 0.350673 0.505985 0.361418 0.278389 0.379000 0.341881 -0.195361 -0.066667 -0.247620 -0.243713 0.051649 0.070818 0.245178 0.230037 251.506747 122.733524
0.256644 0.376672 0.350324 0.505482 0.361059 0.278113 0.377648 0.343494 -0.195167 -0.066601 -0.247374 -0.237128 0.032690 0.077579 0.245422 0.233224 251.342768 122.787619
0.256409 0.376784 0.350360 0.504989 0.361126 0.277940 0.378742 0.343510 -0.195243 -0.066549 -0.247601 -0.237325 0.032785 0.077803 0.245644 0.233410 251.148715 122.793745
0.256401 0.376315 0.349993 0.505003 0.361692 0.276874 0.378265 0.343168 -0.194982 -0.066538 -0.247140 -0.246652 0.051548 0.070681 0.244702 0.229591 251.078731 122.810726
0.252447 0.375735 0.350295 0.504894 0.361058 0.277887 0.378670 0.343445 -0.205969 -0.068249 -0.248533 -0.244130 0.056262 0.070695 0.245598 0.230920 250.663413 122.813960
0.258158 0.379413 0.353011 0.508492 0.352033 0.279671 0.381369 0.346166 -0.198019 -0.066984 -0.242512 -0.236156 0.032025 0.073585 0.250335 0.236156 250.389463 122.848931
0.258387 0.379230 0.352704 0.508915 0.351721 0.280002 0.381195 0.345827 -0.196984 -0.067053 -0.242668 -0.236282 0.032053 0.073685 0.245615 0.241194 250.276540 122.876719
0.267869 0.372475 0.380296 0.499566 0.344124 0.285466 0.385184 0.355855 -0.203346 -0.101184 -0.159842 -0.282533 -0.000002 0.102895 0.232186 0.252227 250.202278 122.905116
0.266996 0.374577 0.375555 0.496827 0.346214 0.285578 0.385335 0.355994 -0.203425 -0.101224 -0.159904 -0.288512 -0.000001 0.102935 0.232766 0.252326 250.111402 122.921454
0.257487 0.377909 0.351475 0.507142 0.350496 0.279026 0.379867 0.344621 -0.195808 -0.066819 -0.248186 -0.244270 0.051767 0.070980 0.245739 0.227626 249.655712 122.976068
0.256850 0.377492 0.351223 0.505917 0.350250 0.278254 0.379438 0.344413 -0.196043 -0.066645 -0.241284 -0.234960 0.007966 0.073212 0.244689 0.239824 249.161322 122.985984
0.267389 0.375128 0.376108 0.497559 0.339868 0.285999 0.385902 0.356519 -0.203725 -0.101373 -0.160140 -0.288937 -0.000001 0.103087 0.233108 0.252697 249.077884 123.046303
0.253535 0.374919 0.359257 0.493366 0.362194 0.268219 0.385687 0.343594 -0.209485 -0.062650 -0.248152 -0.247662 0.051637 0.070726 0.243746 0.234447 248.861039 123.077669
0.257158 0.374492 0.358847 0.492804 0.361781 0.267913 0.385247 0.343203 -0.209246 -0.068689 -0.249335 -0.245424 0.059156 0.072845 0.243469 0.234180 248.613071 123.133764
0.257161 0.374497 0.358853 0.492811 0.361786 0.267917 0.385253 0.343208 -0.209249 -0.068690 -0.249339 -0.245428 0.059157 0.073091 0.243472 0.234183 248.609277 123.134006
0.259280 0.374732 0.362013 0.490185 0.359078 0.266128 0.388430 0.342445 -0.208891 -0.068489 -0.247539 -0.244114 0.051489 0.076561 0.243136 0.233841 247.863915 123.207907
0.258330 0.374775 0.362054 0.490240 0.359118 0.266159 0.388474 0.342483 -0.208915 -0.068497 -0.247567 -0.244142 0.051373 0.076814 0.243652 0.234356 247.846550 123.215175
0.256312 0.372728 0.360988 0.492079 0.350227 0.272942 0.381532 0.350227 -0.190277 -0.062855 -0.243105 -0.246529 0.012320 0.076796 0.238213 0.245061 247.066940 123.358433
0.256394 0.372848 0.361105 0.491259 0.350340 0.273030 0.381655 0.350340 -0.190338 -0.062875 -0.242694 -0.246119 0.012294 0.065077 0.248565 0.244651 247.018926 123.365003
0.256107 0.371454 0.361678 0.491687 0.349948 0.272725 0.382206 0.349948 -0.190126 -0.062805 -0.242911 -0.246332 0.012280 0.065004 0.248776 0.245355 246.925076 123.394839
0.257387 0.378740 0.352316 0.506944 0.327850 0.279896 0.384612 0.351338 -0.190838 -0.062879 -0.243196 -0.246621 0.012845 0.077069 0.239282 0.246132 246.893240 123.501267
0.257807 0.373477 0.353872 0.507772 0.325445 0.282314 0.384260 0.352892 -0.190660 -0.062981 -0.243594 -0.247024 0.012314 0.065187 0.248985 0.245554 246.603465 123.574282
0.258269 0.374686 0.360012 0.500886 0.327728 0.279792 0.384469 0.351207 -0.190767 -0.062855 -0.243106 -0.246530 0.012840 0.077041 0.239193 0.246041 246.192728 123.605419
0.258382 0.372891 0.360168 0.501104 0.326892 0.280892 0.384636 0.351360 -0.190850 -0.062883 -0.243701 -0.247126 0.012846 0.077074 0.238807 0.245658 245.832425 123.627891
0.257618 0.375163 0.353613 0.507401 0.325207 0.282107 0.383979 0.352634 -0.194438 -0.064894 -0.243905 -0.261537 0.050936 0.066609 0.236558 0.247333 245.739365 123.674805
0.257359 0.374786 0.353257 0.506890 0.324879 0.281823 0.383593 0.352279 -0.194243 -0.068009 -0.243170 -0.261274 0.050885 0.066542 0.236320 0.246595 245.674924 123.706508
0.257287 0.374680 0.353158 0.506748 0.324788 0.281744 0.383485 0.352180 -0.194188 -0.067990 -0.243591 -0.261200 0.050870 0.066523 0.236254 0.247015 245.656152 123.722237
0.257037 0.374317 0.352816 0.506256 0.324473 0.281471 0.383113 0.351838 -0.194000 -0.067924 -0.243355 -0.261924 0.048378 0.066458 0.236025 0.246775 245.464323 123.740428
0.257200 0.374554 0.354017 0.502666 0.325657 0.281649 0.385312 0.352061 -0.195590 -0.068212 -0.243509 -0.263068 0.049998 0.066745 0.237642 0.247421 245.124270 123.765384
0.257621 0.374188 0.353617 0.503488 0.325210 0.282110 0.384963 0.351658 -0.195420 -0.068324 -0.244397 -0.262519 0.051181 0.066854 0.237541 0.247336 245.040645 123.776481
0.257792 0.375415 0.354831 0.501861 0.320524 0.283277 0.386197 0.352871 -0.195059 -0.068369 -0.245049 -0.262693 0.051093 0.066898 0.237208 0.247500 244.642820 123.845978
0.260267 0.373766 0.359090 0.500964 0.319952 0.282771 0.385508 0.352241 -0.194711 -0.068247 -0.243633 -0.261245 0.050879 0.066779 0.237762 0.247058 244.545701 123.868531
0.260014 0.373404 0.358741 0.500478 0.319641 0.282497 0.385134 0.351899 -0.194522 -0.068180 -0.243397 -0.261969 0.048386 0.066714 0.237532 0.246818 244.272744 123.886650
0.260966 0.375322 0.361638 0.502384 0.311791 0.285401 0.386073 0.351864 -0.194503 -0.067441 -0.250214 -0.249726 0.048381 0.066708 0.235553 0.246305 243.973586 123.912203
0.263027 0.372541 0.365696 0.502588 0.311917 0.285517 0.385252 0.352007 -0.194582 -0.068446 -0.249338 -0.246405 0.048157 0.066979 0.237116 0.246894 243.901608 123.916768
0.262089 0.373575 0.361840 0.502664 0.311965 0.285560 0.386289 0.352061 -0.195589 -0.067478 -0.250354 -0.249865 0.048408 0.066745 0.236174 0.247909 243.849256 123.942256
0.263067 0.373575 0.361840 0.502664 0.311965 0.285560 0.386289 0.352061 -0.194611 -0.067478 -0.250354 -0.249865 0.048408 0.066745 0.236174 0.247909 243.826689 123.945512
0.262567 0.372865 0.367008 0.499756 0.311371 0.285017 0.385554 0.351391 -0.194241 -0.067350 -0.249878 -0.248414 0.048194 0.069302 0.235725 0.244997 243.510977 123.959835
0.262544 0.372832 0.366976 0.499712 0.311344 0.284992 0.385520 0.351360 -0.194224 -0.066368 -0.250832 -0.247904 0.048190 0.067100 0.234728 0.247416 243.456398 123.973029
0.263266 0.369942 0.368964 0.498150 0.312200 0.283818 0.386580 0.353305 -0.197694 -0.069242 -0.248586 -0.241735 0.032541 0.072178 0.237331 0.247607 242.967196 123.980069
0.256334 0.373738 0.361020 0.500927 0.310144 0.283728 0.387436 0.355149 -0.202523 -0.071666 -0.253399 -0.245572 0.048674 0.066774 0.239701 0.248996 242.933542 124.052465
0.263841 0.374263 0.358628 0.519864 0.276544 0.304882 0.384035 0.354719 -0.197392 -0.068403 -0.248206 -0.251137 0.048371 0.066693 0.237457 0.246740 242.850236 124.113843
0.263843 0.374677 0.358984 0.519840 0.276594 0.305038 0.383504 0.355060 -0.194695 -0.067432 -0.250602 -0.249131 0.048306 0.069394 0.236380 0.245698 242.730056 124.120519
0.263317 0.374909 0.358268 0.518804 0.276043 0.304430 0.382740 0.354353 -0.196754 -0.069500 -0.250592 -0.249613 0.051880 0.062648 0.242761 0.246187 242.681775 124.189192
0.263235 0.373813 0.358156 0.518641 0.275956 0.304334 0.382620 0.354241 -0.196692 -0.069478 -0.250513 -0.250024 0.048194 0.067032 0.237792 0.246599 242.305272 124.191249
0.260245 0.374713 0.356124 0.516576 0.276877 0.301336 0.388410 0.358081 -0.203500 -0.069953 -0.244102 -0.262201 0.050997 0.069219 0.239699 0.249483 242.050342 124.204043
0.260245 0.374713 0.356124 0.516576 0.276877 0.301336 0.388411 0.358081 -0.203500 -0.069953 -0.244102 -0.262202 0.050997 0.069219 0.239699 0.249972 242.035025 124.207158
0.260024 0.374395 0.355822 0.516137 0.276642 0.301080 0.388080 0.357777 -0.203327 -0.069894 -0.243894 -0.263934 0.050954 0.069160 0.239495 0.249760 241.959330 124.235403
0.260354 0.374871 0.356274 0.516794 0.276994 0.301463 0.387595 0.358232 -0.201628 -0.068759 -0.255461 -0.250567 0.056402 0.069248 0.239800 0.245673 241.858159 124.245225
0.261209 0.375671 0.356105 0.516548 0.276862 0.301319 0.387411 0.358061 -0.201532 -0.068726 -0.255339 -0.250447 0.056742 0.069215 0.240664 0.246534 241.837830 124.251636
0.261209 0.375671 0.356105 0.516548 0.276862 0.301320 0.387411 0.358062 -0.201532 -0.068726 -0.255339 -0.250447 0.056742 0.069215 0.240664 0.247023 241.819818 124.254873
0.261005 0.375379 0.356805 0.516146 0.276646 0.301085 0.387109 0.357783 -0.201375 -0.069162 -0.255140 -0.250252 0.056698 0.069162 0.240477 0.246831 241.772733 124.270887
0.263233 0.373810 0.356196 0.516680 0.276932 0.301396 0.387510 0.358153 -0.201583 -0.068499 -0.255404 -0.251490 0.056756 0.069233 0.240726 0.246597 241.679064 124.271797
0.260837 0.375136 0.355598 0.515813 0.276468 0.300891 0.387836 0.357552 -0.203199 -0.069850 -0.255952 -0.250091 0.056417 0.069117 0.239345 0.249602 241.575956 124.300650
0.260883 0.375202 0.355660 0.515903 0.274562 0.300943 0.386927 0.357614 -0.203723 -0.069618 -0.255997 -0.251112 0.056549 0.072060 0.238898 0.245738 241.290545 124.311645
0.258863 0.373587 0.353976 0.517727 0.275533 0.299066 0.392217 0.358879 -0.204443 -0.069128 -0.256902 -0.252000 0.055891 0.069864 0.240723 0.252980 241.122818 124.353631
0.258551 0.372704 0.353190 0.517102 0.275137 0.298553 0.391241 0.358069 -0.204402 -0.069028 -0.256600 -0.251721 0.048539 0.066589 0.240501 0.252697 240.997956 124.380375
0.261516 0.373175 0.355544 0.515197 0.274249 0.301674 0.390805 0.357503 -0.203728 -0.064400 -0.262496 -0.250252 0.056564 0.071990 0.238499 0.250252 240.647973 124.383737
0.261042 0.372498 0.354900 0.514262 0.273752 0.301127 0.390096 0.356855 -0.203358 -0.064283 -0.262020 -0.249799 0.048518 0.066483 0.240511 0.252243 240.101422 124.421821
0.261449 0.374058 0.354474 0.513105 0.272220 0.297679 0.395600 0.358390 -0.204165 -0.068789 -0.261449 -0.250677 0.056060 0.069769 0.240396 0.253615 239.621873 124.480652
0.262258 0.373816 0.354244 0.512774 0.272044 0.297487 0.395345 0.358159 -0.204033 -0.068745 -0.261280 -0.251494 0.056023 0.068011 0.240730 0.252473 239.609601 124.483998
0.260386 0.373938 0.354360 0.512942 0.272133 0.297584 0.395474 0.358276 -0.204100 -0.068767 -0.261365 -0.251576 0.055919 0.069746 0.239830 0.253534 239.474713 124.506328
0.259220 0.372690 0.353126 0.512571 0.271936 0.297369 0.394210 0.360952 -0.207865 -0.064805 -0.267045 -0.250416 0.055757 0.069696 0.240145 0.253351 239.134572 124.530847
0.258328 0.372815 0.353244 0.512742 0.272027 0.297469 0.394342 0.361072 -0.206467 -0.064827 -0.267135 -0.250500 0.055775 0.069719 0.240226 0.252457 238.782986 124.550746
0.263124 0.370721 0.357027 0.518423 0.261168 0.306163 0.396153 0.357027 -0.200522 -0.064558 -0.264102 -0.251386 0.058812 0.067004 0.242094 0.250408 237.523922 124.557936
0.262181 0.370771 0.357075 0.518492 0.261203 0.306204 0.396206 0.357075 -0.200549 -0.064567 -0.264138 -0.251420 0.058820 0.067013 0.242126 0.250441 237.474272 124.558293
0.258622 0.374218 0.354626 0.513325 0.258622 0.304664 0.399688 0.362463 -0.192007 -0.081064 -0.257642 -0.252744 0.056084 0.068084 0.241478 0.252744 237.448781 124.650108
0.258457 0.373000 0.354399 0.512998 0.258457 0.304470 0.398454 0.362231 -0.191885 -0.081013 -0.257478 -0.252583 0.051031 0.066327 0.241324 0.256499 237.397686 124.704126
0.265491 0.366771 0.382503 0.483783 0.273357 0.298923 0.392336 0.362837 -0.198626 -0.067356 -0.260574 -0.249758 0.051377 0.066864 0.239433 0.250741 235.041224 124.706351
0.261867 0.368950 0.367976 0.492582 0.270628 0.295939 0.401075 0.358242 -0.192750 -0.079339 -0.263814 -0.250185 0.058652 0.071308 0.237043 0.248238 234.982724 124.769631
0.262369 0.369079 0.368100 0.493411 0.260411 0.306424 0.399428 0.364184 -0.192861 -0.081501 -0.259432 -0.254538 0.056414 0.067306 0.242300 0.258453 234.479068 124.861552
0.261285 0.348380 0.376759 0.506912 0.262263 0.307279 0.397310 0.365994 -0.199144 -0.078288 -0.259328 -0.251499 0.056759 0.072171 0.241224 0.252477 233.717638 124.871590
0.261482 0.347663 0.375084 0.507294 0.262461 0.307510 0.395650 0.364311 -0.198315 -0.078347 -0.259523 -0.254626 0.059494 0.068308 0.241405 0.252668 233.569754 124.904117
0.266514 0.366091 0.378782 0.475430 0.276277 0.292873 0.396355 0.364139 -0.193296 -0.093475 -0.249918 -0.232346 -0.000001 0.052595 0.236739 0.255776 233.565800 124.920080
0.263728 0.348043 0.377455 0.501966 0.262748 0.307846 0.397063 0.365690 -0.199022 -0.078432 -0.259807 -0.254905 0.059682 0.068138 0.242650 0.253924 232.813582 124.921267
0.263356 0.347552 0.376922 0.501258 0.260419 0.305454 0.394545 0.357342 -0.200209 -0.064615 -0.264335 -0.251608 0.029677 0.068042 0.241818 0.253566 232.755590 124.932369
0.263223 0.347376 0.376731 0.501004 0.260287 0.305299 0.394345 0.357161 -0.200108 -0.064583 -0.264201 -0.251480 0.026053 0.072655 0.240227 0.252459 232.621405 124.932686
0.263160 0.347293 0.376641 0.500884 0.260225 0.305226 0.394251 0.357076 -0.200060 -0.064567 -0.264138 -0.251420 0.026169 0.067991 0.242127 0.253377 232.583997 124.942150
0.262091 0.347173 0.373578 0.504624 0.261113 0.307077 0.394115 0.362821 -0.199013 -0.079703 -0.265025 -0.250356 0.056477 0.071635 0.238132 0.249378 232.392809 124.953430
0.261871 0.346881 0.373263 0.504199 0.260893 0.306819 0.393783 0.362515 -0.198846 -0.081590 -0.264802 -0.250145 0.056429 0.071575 0.237931 0.249168 232.154083 124.971674
0.258157 0.346164 0.376478 0.500667 0.260112 0.305094 0.393102 0.357899 -0.202907 -0.073095 -0.272825 -0.245933 0.051338 0.072851 0.226865 0.250334 231.634396 125.004916
0.261654 0.345932 0.372391 0.503708 0.260674 0.305753 0.392971 0.361612 -0.198445 -0.079378 -0.267534 -0.251854 0.057819 0.067618 0.237154 0.248914 231.536157 125.028574
0.263395 0.345644 0.375998 0.500352 0.259478 0.304519 0.392644 0.356415 -0.200239 -0.072948 -0.272207 -0.246749 0.051039 0.062544 0.237936 0.249197 231.312701 125.032865
0.261230 0.338522 0.387442 0.478432 0.280798 0.293517 0.363961 0.331674 -0.192743 -0.093681 -0.257316 -0.234813 -0.000001 0.052955 0.204972 0.226986 231.093136 125.037304
0.261270 0.345424 0.371845 0.502969 0.260291 0.305304 0.392394 0.361081 -0.198154 -0.079262 -0.267141 -0.251484 0.049294 0.070944 0.236806 0.248549 230.867902 125.052669
0.263321 0.345243 0.375476 0.499334 0.259420 0.304282 0.392056 0.355971 -0.199929 -0.072901 -0.272098 -0.249180 0.050957 0.062417 0.237476 0.248692 230.828397 125.059254
0.273293 0.321291 0.426102 0.463325 0.282109 0.298761 0.399654 0.364391 -0.205215 -0.066364 -0.259579 -0.254682 0.059507 0.068323 0.242437 0.254682 230.685618 125.072558
0.274236 0.321248 0.426045 0.463262 0.282071 0.298721 0.399601 0.364342 -0.205187 -0.066355 -0.259544 -0.254647 0.059499 0.068314 0.242405 0.254647 230.668096 125.076416
0.273223 0.320229 0.424034 0.464185 0.283016 0.298684 0.399552 0.364297 -0.204672 -0.069285 -0.259513 -0.254616 0.059492 0.068306 0.242375 0.254616 230.528728 125.095333
0.259216 0.340404 0.389313 0.476370 0.268020 0.298343 0.365837 0.330623 -0.193678 -0.094883 -0.256281 -0.230849 -0.016384 0.052944 0.207373 0.227914 230.362610 125.154940
0.262900 0.340396 0.389444 0.475770 0.267804 0.298214 0.365901 0.332548 -0.193741 -0.094909 -0.256033 -0.230528 -0.016370 0.052972 0.207475 0.227585 230.267999 125.157726
0.280228 0.320261 0.424736 0.461840 0.281205 0.297804 0.398373 0.363223 -0.204557 -0.066151 -0.258747 -0.253865 0.048332 0.068348 0.241172 0.257771 230.138805 125.185419
0.280649 0.320742 0.424396 0.461555 0.281627 0.297273 0.397016 0.362790 -0.203886 -0.070162 -0.259136 -0.253269 0.056472 0.068207 0.242512 0.254247 230.068064 125.214912
0.280758 0.319888 0.423582 0.459777 0.283692 0.297388 0.398148 0.362931 -0.203965 -0.070434 -0.260214 -0.254345 0.056861 0.067499 0.242606 0.258258 229.865963 125.260973
0.281515 0.320750 0.422762 0.460036 0.280534 0.297209 0.398240 0.362928 -0.206477 -0.070133 -0.263859 -0.251107 0.058853 0.068172 0.240808 0.257973 229.327371 125.331221
0.281427 0.320514 0.423117 0.460250 0.278495 0.299016 0.397711 0.362532 -0.206184 -0.065959 -0.275564 -0.235499 0.048248 0.070357 0.241851 0.256020 229.219848 125.332220
0.281914 0.318132 0.422871 0.461047 0.280935 0.297576 0.398399 0.363160 -0.206541 -0.070234 -0.264294 -0.251569 0.058977 0.068276 0.241291 0.258421 229.138330 125.362444
0.280815 0.311147 0.427582 0.461828 0.281793 0.298427 0.399207 0.363983 -0.205963 -0.070448 -0.264181 -0.251461 0.059074 0.068491 0.241677 0.258310 228.911166 125.379163
0.282463 0.318626 0.428093 0.456437 0.274644 0.302011 0.399749 0.364563 -0.206227 -0.070616 -0.263893 -0.251187 0.059132 0.068661 0.241902 0.259006 228.849848 125.385705
0.281717 0.311063 0.427467 0.461704 0.281717 0.298347 0.399100 0.363885 -0.206886 -0.070429 -0.264110 -0.251394 0.059058 0.068473 0.241612 0.258241 228.770087 125.393949
0.282270 0.318534 0.428306 0.454769 0.274429 0.301872 0.399883 0.364599 -0.206312 -0.070568 -0.264628 -0.251887 0.059174 0.068607 0.242086 0.259728 228.666479 125.424090
0.280577 0.319681 0.427219 0.453615 0.273733 0.301106 0.401801 0.366607 -0.207255 -0.070633 -0.265912 -0.252226 0.059513 0.067456 0.243916 0.259069 228.334729 125.426327
0.281745 0.317942 0.427510 0.453923 0.273919 0.301311 0.402074 0.366856 -0.207396 -0.070681 -0.266093 -0.252397 0.059553 0.067012 0.243592 0.259245 228.209470 125.444974
0.281486 0.319603 0.427115 0.452527 0.273666 0.301033 0.401703 0.366518 -0.208182 -0.070616 -0.265847 -0.253141 0.059620 0.067439 0.243856 0.259983 228.169503 125.458600
0.281727 0.317921 0.427481 0.452915 0.273901 0.301291 0.402047 0.366831 -0.208360 -0.070676 -0.266075 -0.253358 0.059671 0.067742 0.244065 0.260206 228.051974 125.472968
0.281225 0.317735 0.427265 0.452921 0.273331 0.300960 0.402596 0.367073 -0.208205 -0.071046 -0.266424 -0.253596 0.059575 0.069073 0.243729 0.260503 227.955469 125.493732
0.282113 0.317500 0.427592 0.452167 0.274249 0.300789 0.402035 0.366648 -0.208390 -0.070774 -0.266385 -0.253607 0.059593 0.067825 0.243777 0.260487 227.927492 125.496974
0.282972 0.314305 0.428865 0.453343 0.274160 0.301576 0.402428 0.367179 -0.208558 -0.070743 -0.266327 -0.253598 0.059728 0.067071 0.244296 0.260452 227.700687 125.510502
0.282830 0.313486 0.428201 0.452923 0.274919 0.299642 0.396555 0.364910 -0.208167 -0.074416 -0.264041 -0.254151 0.056368 0.070460 0.241790 0.256129 227.375684 125.554331
0.262679 0.340401 0.415171 0.426977 0.265631 0.293178 0.358110 0.325644 -0.232181 -0.090511 -0.251857 -0.238084 -0.032466 0.057061 0.221851 0.221851 226.745592 125.604305
0.281544 0.315878 0.424768 0.450274 0.271734 0.299201 0.400243 0.364928 -0.206989 -0.090741 -0.257019 -0.254076 0.056407 0.067443 0.242795 0.258981 226.334521 125.608497
0.265089 0.338453 0.416708 0.428446 0.265089 0.294434 0.359973 0.329649 -0.193681 -0.122029 -0.254329 -0.213245 -0.031241 0.053433 0.208354 0.224005 225.876441 125.672821
0.264101 0.335506 0.417671 0.429409 0.265079 0.295402 0.360938 0.330616 -0.194163 -0.122269 -0.254320 -0.213726 -0.031301 0.053554 0.209325 0.225953 225.564203 125.716111
0.267677 0.333370 0.413771 0.425537 0.263755 0.291209 0.355922 0.323565 -0.202473 -0.089961 -0.251008 -0.258852 -0.030702 0.053315 0.197081 0.221103 224.874115 125.781961
0.256742 0.332598 0.413316 0.425958 0.263550 0.292725 0.360800 0.326763 -0.189639 -0.124481 -0.248962 -0.221245 -0.062484 0.050935 0.207144 0.222704 224.028164 125.898548
0.258449 0.331321 0.419738 0.419738 0.261364 0.293428 0.359497 0.326463 -0.189465 -0.124367 -0.248733 -0.221042 -0.062426 0.050888 0.207926 0.222014 223.819286 125.962805
0.257855 0.334725 0.415487 0.418406 0.260774 0.292884 0.355159 0.328887 -0.190715 -0.125035 -0.250071 -0.222339 -0.062761 0.051206 0.209203 0.223312 223.493195 126.013583
0.258071 0.334319 0.415455 0.418387 0.261003 0.292285 0.354847 0.328454 -0.190620 -0.125125 -0.250250 -0.222390 -0.062807 0.051199 0.209194 0.223368 223.382731 126.023035
0.258630 0.335044 0.409498 0.421254 0.261569 0.289979 0.357576 0.330145 -0.191524 -0.125886 -0.251773 -0.223363 -0.063188 0.051432 0.210137 0.224342 222.842768 126.074310
0.264940 0.325109 0.412452 0.424098 0.263969 0.291143 0.363928 0.330932 -0.228062 -0.098989 -0.264940 -0.235340 -0.032147 0.056409 0.218357 0.220298 220.331196 126.164278
0.264978 0.324623 0.412623 0.424356 0.264000 0.291378 0.363734 0.330489 -0.228311 -0.099000 -0.264978 -0.235156 -0.032144 0.056467 0.218534 0.220489 220.269651 126.169912
0.266910 0.327527 0.461471 0.347081 0.276687 0.292330 0.361746 0.332416 -0.228291 -0.099236 -0.264955 -0.235624 -0.032508 0.056462 0.219981 0.220959 219.724671 126.275611
0.269907 0.328582 0.463536 0.336406 0.285554 0.281642 0.362810 0.333472 -0.228834 -0.099504 -0.265995 -0.236657 -0.032271 0.056720 0.220522 0.221989 219.347998 126.361366
0.266785 0.327373 0.464186 0.336168 0.285352 0.280466 0.366462 0.333236 -0.229650 -0.099678 -0.266785 -0.236979 -0.032371 0.056802 0.219877 0.222809 219.247162 126.387255
0.267021 0.327663 0.463618 0.335488 0.283648 0.279736 0.365809 0.332553 -0.229364 -0.107835 -0.263108 -0.235232 -0.032033 0.056363 0.219094 0.223984 219.040873 126.425126
0.269131 0.327638 0.463179 0.335439 0.283758 0.279857 0.365667 0.332513 -0.229151 -0.107750 -0.263280 -0.235002 -0.032057 0.056313 0.218913 0.225739 219.027148 126.455728
0.270928 0.325701 0.451873 0.341350 0.280709 0.281687 0.369714 0.336460 -0.230827 -0.100742 -0.269950 -0.258213 -0.000002 0.051838 0.206375 0.226426 217.415159 126.566652
0.264907 0.318870 0.466040 0.299247 0.334568 0.227624 0.379700 0.337511 -0.211926 -0.144718 -0.230077 -0.279624 -0.014410 0.075302 0.210944 0.227624 213.969118 126.579624
0.264903 0.318666 0.466268 0.299115 0.334306 0.227758 0.379271 0.337238 -0.212118 -0.144670 -0.230202 -0.279565 -0.014418 0.075268 0.211140 0.227758 213.946442 126.590869
0.263564 0.319206 0.465631 0.298706 0.329944 0.231839 0.379728 0.337753 -0.213292 -0.145937 -0.231839 -0.278207 -0.014398 0.075653 0.219149 0.225006 213.591197 126.620126
0.264164 0.319932 0.463754 0.297429 0.335586 0.224050 0.381570 0.337543 -0.214266 -0.146268 -0.232366 -0.278840 -0.012413 0.075336 0.217691 0.224539 213.485218 126.648745
0.264049 0.318815 0.464531 0.298278 0.329572 0.231287 0.379448 0.337396 -0.214173 -0.146694 -0.232265 -0.279696 -0.012438 0.075547 0.217596 0.224442 213.279497 126.663301
0.266617 0.311707 0.469521 0.299944 0.332291 0.229369 0.383262 0.341113 -0.212706 -0.145071 -0.230840 -0.280340 -0.014458 0.075966 0.212706 0.228389 213.213773 126.667300
0.266312 0.311516 0.468748 0.299723 0.331170 0.228969 0.382270 0.340014 -0.213246 -0.145440 -0.231426 -0.281052 -0.014495 0.075914 0.212263 0.228969 213.071355 126.723713
0.262600 0.313363 0.465652 0.301649 0.329959 0.231850 0.379745 0.337768 -0.214278 -0.146919 -0.232826 -0.279196 -0.014399 0.075656 0.219159 0.225016 212.773511 126.745169
0.265479 0.307448 0.470444 0.299640 0.331848 0.229854 0.382602 0.340633 -0.213749 -0.145916 -0.232294 -0.281095 -0.014549 0.075886 0.205941 0.229854 212.257715 126.774624
0.266099 0.305232 0.471544 0.300340 0.332624 0.230391 0.379583 0.337516 -0.212292 -0.144789 -0.232837 -0.281752 -0.014583 0.075330 0.211314 0.232837 212.092583 126.858916
0.270553 0.329156 0.451247 0.284227 0.275436 0.264692 0.323296 0.294971 -0.254925 -0.127951 -0.271529 -0.244181 -0.058726 0.000001 0.221717 0.190950 209.014960 126.924486
0.270545 0.329147 0.451234 0.284219 0.275428 0.264685 0.323287 0.294962 -0.254918 -0.127947 -0.271522 -0.244174 -0.058724 -0.000001 0.215850 0.195339 208.955298 126.928593
0.270545 0.329147 0.451234 0.284219 0.275428 0.264685 0.323287 0.294962 -0.254918 -0.127947 -0.271522 -0.244174 -0.058724 0.000001 0.215850 0.195339 208.945781 126.928714
0.264834 0.335910 0.445933 0.282360 0.273597 0.261913 0.323253 0.296964 -0.250229 -0.128522 -0.285280 -0.228322 -0.062801 0.000002 0.216638 0.193270 208.296390 126.963746
0.266006 0.337660 0.446615 0.274840 0.271895 0.266006 0.324900 0.298398 -0.251282 -0.129077 -0.286619 -0.229197 -0.063066 0.000002 0.217418 0.194351 208.026657 126.964772
0.264808 0.335163 0.441673 0.283374 0.274580 0.263831 0.321483 0.298032 -0.242822 -0.115060 -0.300963 -0.230608 -0.062416 0.000001 0.214974 0.193965 207.670037 127.040035
0.264808 0.335163 0.441673 0.283374 0.274580 0.263831 0.321483 0.297055 -0.242823 -0.115060 -0.300963 -0.230608 -0.062416 0.000001 0.214974 0.193965 207.655263 127.043723
0.264685 0.335008 0.441468 0.281289 0.274452 0.263709 0.321334 0.299847 -0.242710 -0.114762 -0.297893 -0.238315 -0.062387 0.000001 0.215851 0.193875 207.476836 127.051976
0.264560 0.334849 0.441258 0.281156 0.274322 0.263584 0.321181 0.296776 -0.242594 -0.114952 -0.300680 -0.233320 -0.065896 0.000001 0.214772 0.194759 207.389319 127.078499
0.257338 0.350293 0.421721 0.281800 0.268101 0.258316 0.323874 0.299412 -0.247553 -0.127201 -0.298434 -0.235811 -0.063845 0.000001 0.214285 0.197651 207.055826 127.128497
0.258273 0.350234 0.421651 0.281753 0.268056 0.258273 0.323820 0.299362 -0.247512 -0.127180 -0.298384 -0.235772 -0.063835 0.000001 0.214249 0.197618 206.957956 127.132171
0.258350 0.349360 0.422755 0.281837 0.268136 0.258350 0.325874 0.298473 -0.247586 -0.128686 -0.298473 -0.233396 -0.062875 0.000001 0.214803 0.197677 206.939333 127.144842
0.258623 0.349729 0.421242 0.282135 0.268420 0.258623 0.326218 0.298788 -0.248337 -0.128822 -0.298788 -0.233643 -0.062941 0.000001 0.215030 0.197886 206.604407 127.156951
0.258332 0.349335 0.420768 0.281816 0.268117 0.258332 0.323893 0.299430 -0.247568 -0.128677 -0.298451 -0.236315 -0.063360 0.000001 0.215766 0.194727 206.537367 127.175371
0.258820 0.349995 0.421563 0.282349 0.268624 0.258820 0.324505 0.299996 -0.250487 -0.132841 -0.301957 -0.221075 -0.064950 0.000002 0.217154 0.197056 206.426339 127.188399
0.259356 0.347439 0.421820 0.283823 0.264249 0.260335 0.325908 0.299483 -0.248101 -0.128210 -0.300461 -0.232931 -0.064350 0.000001 0.216782 0.196719 206.381815 127.225584
0.259580 0.347408 0.421574 0.283977 0.264459 0.260556 0.325939 0.299591 -0.247870 -0.128326 -0.300566 -0.232744 -0.064407 0.000001 0.215666 0.198588 206.302637 127.232728
0.260223 0.345333 0.423595 0.279788 0.265114 0.261201 0.326746 0.301310 -0.249462 -0.128644 -0.301310 -0.234298 -0.062855 0.000001 0.216200 0.199080 205.724062 127.302815
0.265206 0.336645 0.441358 0.264227 0.271078 0.265206 0.323923 0.297500 -0.250527 -0.128689 -0.301415 -0.228508 -0.062876 0.000002 0.216764 0.196703 205.413021 127.336069
0.265369 0.336134 0.441299 0.264386 0.271266 0.265369 0.323357 0.297803 -0.250135 -0.128753 -0.301735 -0.228512 -0.062902 0.000002 0.216718 0.196570 205.396885 127.351177
0.264729 0.336040 0.440564 0.263753 0.270591 0.264729 0.323341 0.298920 -0.249588 -0.132365 -0.300873 -0.228097 -0.062763 0.000002 0.216375 0.196349 205.379822 127.392162
0.264687 0.335270 0.440165 0.263707 0.270569 0.264687 0.322526 0.298999 -0.249492 -0.128422 -0.300959 -0.233807 -0.064456 0.000001 0.216161 0.197045 205.253977 127.404648
0.266851 0.335275 0.440842 0.263919 0.270761 0.264896 0.322568 0.298131 -0.251212 -0.129027 -0.302041 -0.229218 -0.062559 0.000002 0.217489 0.196962 204.891913 127.408193
0.263999 0.334399 0.439020 0.263021 0.269866 0.263999 0.321688 0.298221 -0.248843 -0.128088 -0.300177 -0.239555 -0.065022 0.000001 0.215599 0.196533 204.891299 127.467158
0.265966 0.336369 0.433172 0.271833 0.268899 0.261077 0.325613 0.299212 -0.250321 -0.130538 -0.306056 -0.225387 -0.062580 0.000000 0.217564 0.197030 204.002559 127.502685
0.266672 0.335301 0.434323 0.272555 0.267653 0.260790 0.325497 0.299026 -0.251966 -0.130885 -0.306869 -0.221083 -0.065197 0.000002 0.217652 0.197063 203.989867 127.515258
0.265422 0.335940 0.432902 0.271299 0.268360 0.259546 0.324187 0.297743 -0.255628 -0.130262 -0.305578 -0.225266 -0.064886 0.000002 0.216451 0.196373 203.486045 127.534634
0.265720 0.336058 0.432772 0.271581 0.268651 0.258882 0.324335 0.297958 -0.255951 -0.130418 -0.305773 -0.225178 -0.062522 0.000000 0.216386 0.196359 203.460408 127.542967
0.266162 0.334660 0.433492 0.272033 0.267141 0.260291 0.324874 0.298454 -0.251484 -0.130635 -0.306282 -0.225553 -0.065073 0.000002 0.217235 0.196686 203.316575 127.569707
0.265861 0.334281 0.433001 0.271725 0.266838 0.259996 0.324507 0.298116 -0.251199 -0.132442 -0.305936 -0.225786 -0.064999 0.000002 0.216989 0.196463 202.747692 127.613986
0.266164 0.334662 0.431538 0.272035 0.267142 0.260292 0.324876 0.296499 -0.251486 -0.132593 -0.306284 -0.226043 -0.065073 0.000002 0.217237 0.195709 201.877047 127.626048
0.266113 0.334599 0.431456 0.271984 0.267092 0.260243 0.324815 0.298399 -0.251438 -0.132568 -0.306226 -0.226490 -0.065061 0.000002 0.217685 0.197139 201.634845 127.638436
0.265256 0.334751 0.431652 0.271128 0.266234 0.263298 0.330835 0.306365 -0.250574 -0.132138 -0.310281 -0.223167 -0.062521 0.000001 0.222678 0.202612 200.752067 127.650832
0.265234 0.333745 0.431617 0.271106 0.266213 0.263277 0.329830 0.305362 -0.250553 -0.132128 -0.310255 -0.224617 -0.062394 0.000001 0.222170 0.202106 200.076806 127.696545
0.265189 0.333688 0.431544 0.271061 0.266168 0.263232 0.329774 0.305310 -0.250511 -0.132105 -0.310203 -0.225068 -0.062261 0.000019 0.222622 0.202562 200.034810 127.706789
0.265791 0.333216 0.430933 0.270677 0.268722 0.261882 0.327353 0.305855 -0.251133 -0.132407 -0.311718 -0.224261 -0.058753 0.000001 0.217421 0.201786 199.235828 127.745663
0.265233 0.332765 0.430637 0.271106 0.268169 0.261318 0.326893 0.305361 -0.250553 -0.132127 -0.311233 -0.225106 -0.062638 0.000001 0.217276 0.201616 199.221788 127.755475
0.265182 0.332701 0.430554 0.270075 0.268118 0.261268 0.326830 0.305302 -0.250504 -0.132102 -0.312152 -0.225063 -0.062626 0.000001 0.216256 0.201088 199.107792 127.767509
0.263982 0.334377 0.424326 0.280603 0.263982 0.261049 0.326555 0.304068 -0.250294 -0.131991 -0.310912 -0.226340 -0.061840 0.000002 0.215585 0.200920 198.856980 127.774058
0.264252 0.333740 0.424760 0.280890 0.262294 0.262294 0.327868 0.306336 -0.251529 -0.132615 -0.312209 -0.224614 -0.058845 0.000001 0.217763 0.202104 198.708000 127.809723
0.264421 0.331498 0.428711 0.269281 0.267337 0.260532 0.325665 0.304278 -0.249839 -0.131724 -0.310111 -0.234284 -0.063432 0.000001 0.216300 0.200746 198.337967 127.854795
0.268122 0.326835 0.434475 0.270079 0.266165 0.261272 0.325857 0.304328 -0.250508 -0.132104 -0.312157 -0.225066 -0.064829 0.000001 0.216748 0.199624 197.709246 127.892371
0.266801 0.327393 0.432941 0.271688 0.265824 0.260937 0.325439 0.301984 -0.251164 -0.132423 -0.311757 -0.225755 -0.064746 0.000002 0.216470 0.199368 197.624143 127.909436
0.275915 0.325815 0.432462 0.271023 0.269066 0.258303 0.327771 0.306246 -0.251454 -0.132576 -0.312117 -0.225526 -0.058950 0.000001 0.218188 0.202533 196.490424 127.918149
0.275915 0.325815 0.432463 0.271023 0.269066 0.258303 0.327771 0.306246 -0.251454 -0.132576 -0.312117 -0.225526 -0.058950 0.000001 0.218188 0.202533 196.490194 127.918151
0.275073 0.324821 0.431143 0.278000 0.268245 0.257515 0.326771 0.305312 -0.250687 -0.132172 -0.311164 -0.224838 -0.058770 0.000001 0.217522 0.201915 196.037328 127.943625
0.274746 0.324611 0.431186 0.277680 0.267902 0.257147 0.326567 0.305057 -0.250303 -0.131996 -0.310923 -0.224881 -0.062576 0.000001 0.217548 0.201904 195.827009 127.947025
0.276102 0.323098 0.434714 0.270227 0.266311 0.261416 0.326035 0.304495 -0.250646 -0.132176 -0.312328 -0.225190 -0.064864 0.000001 0.216867 0.199733 195.648120 127.948283
0.275533 0.323579 0.432420 0.269649 0.267688 0.262786 0.327501 0.305929 -0.252000 -0.132864 -0.313774 -0.225525 -0.062632 0.000001 0.223074 0.202482 195.377749 127.975888
0.274432 0.324240 0.430692 0.277362 0.267595 0.256852 0.326193 0.304707 -0.250016 -0.131844 -0.310567 -0.227554 -0.062504 0.000001 0.217299 0.201673 195.187000 127.982638
0.275335 0.332166 0.412513 0.278275 0.257698 0.261618 0.337065 0.311590 -0.224874 -0.183720 -0.264557 -0.262597 -0.072998 0.046665 0.197928 0.208216 194.726150 128.006422
0.274599 0.331278 0.411410 0.284371 0.257009 0.260918 0.336164 0.310756 -0.224272 -0.183229 -0.263850 -0.261895 -0.072803 0.046540 0.197399 0.207659 194.645125 128.034971
0.276768 0.329766 0.411227 0.284620 0.257139 0.261065 0.336637 0.311119 -0.224261 -0.183531 -0.264009 -0.262047 -0.073118 0.046741 0.197271 0.207576 194.181587 128.054929
0.275970 0.332730 0.406127 0.282821 0.256398 0.259334 0.337623 0.312179 -0.227040 -0.184470 -0.265206 -0.263248 -0.077066 0.050888 0.196702 0.208446 193.861724 128.060064
0.275774 0.332493 0.405837 0.283597 0.256215 0.260127 0.336405 0.310979 -0.226389 -0.184827 -0.265017 -0.263061 -0.077011 0.046940 0.197051 0.207319 193.782177 128.061498
0.275877 0.332618 0.405989 0.281747 0.256311 0.260224 0.336531 0.312074 -0.225495 -0.186364 -0.265116 -0.263159 -0.077040 0.050871 0.197125 0.207397 193.781952 128.082562
0.275625 0.332314 0.405619 0.283444 0.256077 0.259987 0.336224 0.310811 -0.225289 -0.186194 -0.264874 -0.262919 -0.076970 0.046915 0.196945 0.207208 193.698750 128.085288
0.275514 0.332180 0.405456 0.283330 0.255974 0.259882 0.336089 0.310686 -0.226176 -0.186607 -0.264767 -0.262813 -0.076939 0.046896 0.196866 0.207124 193.577871 128.095569
0.275462 0.329187 0.410263 0.283277 0.255926 0.259833 0.336025 0.310628 -0.227110 -0.183642 -0.264717 -0.262764 -0.076924 0.046887 0.196829 0.207085 193.577860 128.115460
0.275631 0.331541 0.405108 0.283478 0.256013 0.259936 0.333503 0.311924 -0.228057 -0.184408 -0.265822 -0.263860 -0.077736 0.046225 0.196669 0.207949 193.305701 128.122653
0.273579 0.329272 0.410368 0.283350 0.255992 0.260877 0.336111 0.309731 -0.224726 -0.184666 -0.264785 -0.262831 -0.076944 0.047266 0.196879 0.207138 193.153351 128.141551
0.275676 0.328465 0.409603 0.283496 0.256124 0.260035 0.335308 0.311846 -0.226797 -0.184273 -0.265900 -0.261990 -0.076740 0.046801 0.204313 0.198936 193.013865 128.141574
0.275732 0.327554 0.409686 0.283554 0.256176 0.260087 0.335376 0.311909 -0.226843 -0.184310 -0.265954 -0.263998 -0.073333 0.046689 0.196532 0.206310 192.623208 128.193221
0.275549 0.327336 0.409415 0.282389 0.256006 0.259915 0.336130 0.310725 -0.226204 -0.186142 -0.265778 -0.262846 -0.076948 0.046902 0.196890 0.207150 192.182078 128.216867
0.275444 0.327211 0.409258 0.283258 0.255909 0.259816 0.336002 0.310607 -0.226118 -0.186071 -0.265676 -0.262746 -0.076919 0.046884 0.196815 0.207071 192.025819 128.223371
0.274675 0.330391 0.403703 0.282494 0.255125 0.259035 0.335279 0.311819 -0.226778 -0.184257 -0.271742 -0.262945 -0.073312 0.046675 0.196475 0.206250 191.855352 128.228208
0.274632 0.330341 0.403641 0.282451 0.256063 0.258995 0.335227 0.311771 -0.226743 -0.184228 -0.271700 -0.262904 -0.073300 0.046668 0.196445 0.206707 191.746835 128.241646
0.274630 0.330337 0.403637 0.282448 0.256060 0.258992 0.337179 0.311768 -0.226741 -0.184227 -0.271698 -0.262902 -0.073300 0.046667 0.196443 0.208171 191.699138 128.248051
0.274897 0.326562 0.408446 0.282696 0.255401 0.259300 0.335335 0.309990 -0.226156 -0.183752 -0.270998 -0.262224 -0.073111 0.046547 0.195937 0.205685 190.561520 128.289355
0.273853 0.324711 0.411757 0.283633 0.258204 0.259182 0.335470 0.311997 -0.223973 -0.186318 -0.265051 -0.263094 -0.077021 0.046946 0.197076 0.207346 189.696949 128.307598
0.273629 0.321514 0.416307 0.283401 0.257016 0.260925 0.336172 0.309787 -0.224766 -0.184699 -0.264833 -0.262879 -0.076958 0.046908 0.196915 0.207176 189.110190 128.340692
0.272722 0.321596 0.416414 0.283474 0.257082 0.260014 0.336259 0.310844 -0.227268 -0.183769 -0.264902 -0.262947 -0.076978 0.046920 0.196966 0.207229 188.873714 128.343612
0.273305 0.322285 0.412407 0.283101 0.256652 0.260571 0.336979 0.311509 -0.226775 -0.187102 -0.265469 -0.263509 -0.077143 0.047020 0.197387 0.207673 188.540499 128.379683
0.279977 0.323050 0.402345 0.281935 0.253546 0.259419 0.352419 0.315219 -0.260398 -0.131668 -0.327945 -0.244735 -0.062530 0.062040 0.185509 0.214388 187.676845 128.395950
0.274463 0.323300 0.402416 0.283254 0.253952 0.257859 0.352602 0.315486 -0.260789 -0.131860 -0.328184 -0.244673 -0.062755 0.062023 0.195836 0.214394 187.593780 128.460830
0.273790 0.321703 0.402862 0.283568 0.254233 0.258144 0.352993 0.315836 -0.261078 -0.132006 -0.328547 -0.244944 -0.062825 0.062092 0.196053 0.214631 185.752751 128.524172
0.266845 0.335267 0.367522 0.310830 0.264890 0.234589 0.357748 0.321582 -0.252183 -0.132934 -0.332334 -0.251206 -0.064023 0.063290 0.190115 0.213085 184.359033 128.524604
0.265994 0.335426 0.367697 0.310978 0.265016 0.234700 0.356940 0.321735 -0.250347 -0.132997 -0.332492 -0.251325 -0.064054 0.063320 0.184337 0.212208 184.006723 128.538250
0.264145 0.335562 0.367846 0.311104 0.265123 0.234795 0.358063 0.322843 -0.252405 -0.133051 -0.332627 -0.250448 -0.064080 0.063346 0.189793 0.212783 183.854548 128.548104
0.264140 0.335556 0.367840 0.311099 0.265119 0.234791 0.358057 0.322838 -0.252401 -0.133048 -0.332621 -0.250444 -0.064078 0.063345 0.186366 0.215715 183.820029 128.552828
0.264044 0.335434 0.367706 0.310986 0.265022 0.234706 0.357927 0.321743 -0.252309 -0.133000 -0.332500 -0.251331 -0.064055 0.063322 0.190210 0.213191 183.687258 128.565645
0.264037 0.335425 0.367696 0.310977 0.265015 0.234700 0.357917 0.321734 -0.252302 -0.132996 -0.332491 -0.251324 -0.064053 0.062587 0.190204 0.213674 183.659566 128.566848
0.275656 0.333328 0.365586 0.310846 0.264903 0.234112 0.356788 0.322576 -0.260993 -0.132940 -0.331373 -0.250241 -0.064026 0.063293 0.189635 0.212607 182.847596 128.572540
0.275543 0.333193 0.365437 0.310719 0.264795 0.234017 0.356643 0.321467 -0.260887 -0.132886 -0.331238 -0.251116 -0.064000 0.062535 0.190047 0.213497 182.798740 128.593360
0.275377 0.332991 0.365216 0.310532 0.264635 0.233875 0.356428 0.322250 -0.260729 -0.139642 -0.331038 -0.244617 -0.062741 0.062009 0.195791 0.214345 182.755725 128.673451
0.269566 0.357787 0.325439 0.283289 0.248981 0.223495 0.332301 0.304854 -0.283289 -0.113463 -0.397977 -0.225945 -0.062735 0.000002 0.204870 0.200949 181.475308 128.683589
0.271012 0.352217 0.332649 0.286666 0.243617 0.234322 0.333628 0.307212 -0.286666 -0.099061 -0.405050 -0.226006 -0.063350 0.000001 0.213776 0.203992 181.390097 128.704047
0.269336 0.356820 0.324382 0.288995 0.238372 0.231491 0.331263 0.305706 -0.283097 -0.113534 -0.399088 -0.224610 -0.063648 0.000002 0.204459 0.201510 181.347643 128.715123
0.268664 0.356591 0.324351 0.288204 0.238379 0.231540 0.331190 0.305789 -0.282342 -0.113572 -0.398600 -0.227632 -0.062526 0.000002 0.204185 0.201254 181.297510 128.725176
0.268886 0.356886 0.324619 0.283553 0.248353 0.222931 0.331464 0.304086 -0.282575 -0.113177 -0.401863 -0.223420 -0.062822 0.000002 0.199954 0.200443 181.145697 128.739788
0.268736 0.356686 0.324437 0.282417 0.241862 0.230136 0.329323 0.303916 -0.281440 -0.120687 -0.396752 -0.225249 -0.063275 0.000002 0.204239 0.200330 181.118794 128.761206
0.269147 0.356253 0.324934 0.282850 0.242233 0.230488 0.329828 0.304381 -0.281871 -0.120872 -0.397360 -0.223148 -0.062393 0.000001 0.204552 0.199658 181.051875 128.765536
0.268896 0.355921 0.324631 0.282585 0.242007 0.230273 0.329520 0.304097 -0.281608 -0.120759 -0.396989 -0.225384 -0.062579 0.000002 0.204361 0.200450 180.946048 128.783134
0.267939 0.355948 0.324656 0.282607 0.242025 0.230291 0.329546 0.304121 -0.281630 -0.120768 -0.397019 -0.225401 -0.063318 0.000002 0.203399 0.200465 180.907225 128.786089
0.266565 0.356397 0.324175 0.283165 0.248013 0.222626 0.331010 0.303670 -0.281212 -0.120345 -0.396430 -0.226043 -0.062492 0.000001 0.198703 0.199192 180.740526 128.793421
0.266394 0.356498 0.324178 0.283044 0.248765 0.223301 0.331034 0.303611 -0.281085 -0.120710 -0.398612 -0.221832 -0.062681 0.000018 0.199306 0.199796 180.735735 128.809572
0.268742 0.353762 0.325422 0.282424 0.242357 0.230630 0.330309 0.303923 -0.281446 -0.122888 -0.398716 -0.221834 -0.062055 0.000002 0.206199 0.197892 180.208489 128.859170
0.267414 0.355250 0.323043 0.280101 0.246918 0.221543 0.329875 0.302548 -0.286933 -0.122727 -0.399168 -0.222031 -0.062706 0.000002 0.205928 0.191777 179.897549 128.863478
0.267903 0.354923 0.322657 0.285503 0.237104 0.228304 0.324613 0.299191 -0.288436 -0.118797 -0.398922 -0.225371 -0.063309 0.000183 0.198972 0.195061 179.760926 128.871830
0.267727 0.354690 0.322445 0.287270 0.236949 0.228155 0.324400 0.298995 -0.288247 -0.118719 -0.398660 -0.225223 -0.062779 0.000002 0.198841 0.194933 179.729554 128.885804
0.269014 0.352837 0.324571 0.281684 0.241722 0.230026 0.329444 0.303128 -0.286558 -0.121592 -0.400596 -0.221741 -0.061527 0.000001 0.205659 0.197374 179.605978 128.899774
0.268779 0.352833 0.324489 0.281485 0.241901 0.230172 0.329376 0.302987 -0.286372 -0.121683 -0.400725 -0.221865 -0.061575 0.000001 0.205738 0.197430 179.567690 128.903836
0.269566 0.352584 0.324260 0.281286 0.241730 0.228057 0.329144 0.302773 -0.287146 -0.121353 -0.401419 -0.221220 -0.062508 0.000001 0.205593 0.197291 179.510160 128.918479
0.269562 0.352580 0.324256 0.281282 0.241727 0.228054 0.324256 0.296909 -0.287142 -0.121352 -0.401413 -0.221217 -0.062507 0.000001 0.197288 0.194358 179.243769 128.925427
0.269496 0.352492 0.324176 0.281213 0.241667 0.227997 0.324176 0.298789 -0.287071 -0.121810 -0.401314 -0.221162 -0.062492 0.000001 0.197240 0.194310 179.226299 128.929643
0.269262 0.352489 0.324094 0.281012 0.241847 0.228139 0.324094 0.298636 -0.286887 -0.121902 -0.401446 -0.221285 -0.062542 0.000001 0.197785 0.194358 179.206147 128.935730
0.268536 0.352514 0.324196 0.281230 0.241682 0.228011 0.324196 0.296854 -0.287089 -0.122062 -0.401339 -0.221176 -0.062496 0.000001 0.197252 0.194322 179.158161 128.948900
0.269004 0.352151 0.323783 0.280743 0.241615 0.227920 0.324762 0.299328 -0.287590 -0.122275 -0.402039 -0.221562 -0.060893 0.000001 0.197596 0.195150 179.010225 128.962211
0.269710 0.352773 0.320525 0.287300 0.236974 0.228179 0.324434 0.299026 -0.287300 -0.121907 -0.401634 -0.221338 -0.062541 0.000002 0.198862 0.194465 178.855433 128.964402
0.268847 0.352923 0.320662 0.287422 0.237075 0.228276 0.324572 0.297199 -0.287422 -0.121470 -0.401805 -0.221433 -0.062568 0.000001 0.197481 0.194548 178.832863 128.971857
0.268847 0.352923 0.320662 0.287422 0.237075 0.228276 0.324572 0.297199 -0.287422 -0.121470 -0.401805 -0.221433 -0.062568 0.000002 0.197481 0.194548 178.832824 128.971859
0.268781 0.352836 0.320582 0.287351 0.237016 0.228219 0.324492 0.299080 -0.287351 -0.121929 -0.401705 -0.221378 -0.062553 0.000001 0.197432 0.194988 178.827076 128.979152
0.268748 0.352793 0.320543 0.287316 0.236987 0.228191 0.324452 0.299043 -0.287316 -0.122158 -0.401656 -0.221350 -0.062545 0.000002 0.197407 0.194964 178.802812 128.983024
0.268700 0.352730 0.320486 0.287265 0.236945 0.227662 0.324394 0.298990 -0.287265 -0.121892 -0.401584 -0.221800 -0.063511 0.000001 0.197372 0.194930 178.769500 128.983788
0.268684 0.352709 0.320467 0.287248 0.236931 0.228137 0.324375 0.298972 -0.287248 -0.121885 -0.401561 -0.222275 -0.062530 0.000002 0.197361 0.194918 178.744592 128.985017
0.268667 0.352686 0.320446 0.287229 0.236915 0.227634 0.324354 0.298953 -0.287229 -0.122121 -0.401535 -0.221772 -0.063503 0.000000 0.197348 0.194906 178.736327 128.987816
0.268667 0.352686 0.320446 0.287229 0.236915 0.227634 0.324354 0.298953 -0.287229 -0.122121 -0.401535 -0.221772 -0.063503 0.000001 0.197348 0.194906 178.734922 128.987840
0.269859 0.351990 0.320702 0.287458 0.237593 0.227816 0.324613 0.299191 -0.287458 -0.122219 -0.401855 -0.221460 -0.060865 0.000001 0.197505 0.194572 178.533942 128.990727
0.268980 0.352120 0.320820 0.287564 0.237192 0.228389 0.324733 0.297345 -0.287564 -0.121530 -0.402003 -0.221542 -0.062599 0.000002 0.197578 0.194644 178.518204 128.991233
0.268964 0.352099 0.320801 0.287547 0.237667 0.227886 0.324713 0.299284 -0.287547 -0.122012 -0.401979 -0.221529 -0.060884 0.000001 0.197566 0.195121 178.499649 129.006378
0.268931 0.352055 0.320761 0.287512 0.237637 0.227858 0.324673 0.299247 -0.287512 -0.122241 -0.401929 -0.221501 -0.060876 0.000001 0.197542 0.194608 178.446160 129.008092
0.269209 0.351440 0.321093 0.287809 0.237883 0.228094 0.325009 0.299556 -0.287809 -0.122368 -0.402345 -0.220262 -0.060939 0.000001 0.197746 0.194810 178.180851 129.020660
0.269120 0.351324 0.320987 0.287714 0.237315 0.228018 0.324901 0.299457 -0.287714 -0.122083 -0.402212 -0.221657 -0.060797 0.000001 0.197681 0.194745 178.095619 129.026443
0.269082 0.351275 0.320942 0.287673 0.237282 0.227986 0.324856 0.299415 -0.287673 -0.122310 -0.402156 -0.221626 -0.060910 0.000002 0.197653 0.195207 178.059104 129.032517
0.269082 0.351275 0.320942 0.287673 0.237282 0.227986 0.324856 0.299415 -0.287673 -0.122310 -0.402156 -0.221626 -0.060910 0.000001 0.197653 0.195207 178.059036 129.032526
0.268897 0.351033 0.320721 0.286498 0.237118 0.227829 0.324632 0.299209 -0.287475 -0.122226 -0.402857 -0.221962 -0.063069 0.000002 0.198984 0.194584 177.823096 129.040735
0.268948 0.351099 0.320781 0.287530 0.238141 0.228361 0.324693 0.299266 -0.287530 -0.122494 -0.402933 -0.220537 -0.061002 0.000001 0.197554 0.194620 177.776050 129.041745
0.270238 0.353463 0.315277 0.258488 0.245270 0.212469 0.327027 0.299611 -0.302549 -0.123614 -0.412210 -0.228135 -0.063643 0.000001 0.198762 0.193377 177.398081 129.058241
0.270120 0.353309 0.315140 0.258376 0.245163 0.212377 0.326884 0.299481 -0.302417 -0.125028 -0.412031 -0.227547 -0.062636 0.000002 0.195739 0.195250 177.382833 129.079243
0.270016 0.353174 0.315019 0.258277 0.245069 0.212296 0.327737 0.299366 -0.302301 -0.124491 -0.412851 -0.227949 -0.061756 0.000001 0.195664 0.195175 177.349447 129.083065
0.270018 0.353175 0.315020 0.258278 0.245070 0.212296 0.326760 0.299367 -0.302302 -0.124492 -0.412853 -0.227950 -0.061757 0.000001 0.195665 0.194687 177.334584 129.090004
0.269918 0.353044 0.314904 0.258182 0.244979 0.212218 0.326639 0.299256 -0.302190 -0.125179 -0.412700 -0.227865 -0.061734 0.000001 0.195592 0.194614 177.298992 129.101732
0.270150 0.352370 0.315175 0.258404 0.245190 0.212401 0.327899 0.299514 -0.302451 -0.124553 -0.413055 -0.228061 -0.061787 0.000001 0.195761 0.195271 177.229733 129.106624
0.270822 0.353926 0.308952 0.268867 0.242958 0.209227 0.329484 0.299175 -0.301131 -0.124412 -0.412588 -0.227315 -0.062573 0.000002 0.195539 0.195051 177.123138 129.110773
0.270354 0.353615 0.310515 0.266436 0.243416 0.209622 0.329126 0.299740 -0.303658 -0.123422 -0.412387 -0.227744 -0.063670 0.000002 0.198847 0.193949 177.113937 129.114993
0.269930 0.354039 0.309051 0.268952 0.243035 0.209294 0.329589 0.299271 -0.302205 -0.124941 -0.411742 -0.227387 -0.062593 0.000002 0.195602 0.195113 177.113098 129.115013
0.269692 0.353726 0.309754 0.265783 0.243309 0.209597 0.329297 0.299006 -0.301937 -0.125074 -0.413332 -0.227674 -0.061682 0.000001 0.195429 0.194452 177.050434 129.131482
0.270723 0.353797 0.308839 0.268768 0.242869 0.209151 0.328386 0.299066 -0.302975 -0.124366 -0.412437 -0.227231 -0.062550 0.000002 0.195468 0.194979 177.010064 129.137704
0.270723 0.353797 0.308839 0.268768 0.242869 0.209151 0.328386 0.299066 -0.302975 -0.124366 -0.412437 -0.227231 -0.062550 0.000001 0.195468 0.194979 177.009371 129.137711
0.269892 0.353011 0.309984 0.267936 0.242511 0.209264 0.328564 0.299228 -0.303139 -0.124434 -0.412661 -0.227355 -0.062584 0.000002 0.195574 0.195085 176.944240 129.162941
0.269362 0.352620 0.310501 0.268383 0.241936 0.210592 0.329112 0.297768 -0.306583 -0.122193 -0.412369 -0.227734 -0.065382 0.000001 0.198838 0.193941 176.762879 129.164703
0.268713 0.352747 0.310730 0.267736 0.242819 0.209108 0.328319 0.299005 -0.307799 -0.122142 -0.412353 -0.228162 -0.063514 0.000001 0.198848 0.192985 176.746645 129.184081
0.269142 0.352331 0.310247 0.268163 0.242717 0.208952 0.327863 0.298502 -0.305353 -0.117933 -0.419861 -0.224611 -0.062147 0.000002 0.194271 0.194271 176.662609 129.208470
0.268428 0.352373 0.309425 0.267452 0.242074 0.208886 0.327971 0.298687 -0.305520 -0.124209 -0.411915 -0.230848 -0.062471 0.000002 0.195221 0.194733 176.544768 129.218097
0.270288 0.352253 0.310295 0.267361 0.242479 0.208815 0.326883 0.297610 -0.308343 -0.117580 -0.419581 -0.224427 -0.061961 0.000002 0.194178 0.193202 176.517869 129.227376
0.270106 0.353291 0.307295 0.267170 0.240747 0.208941 0.328825 0.297509 -0.310231 -0.117927 -0.420818 -0.225089 -0.062389 0.000002 0.195240 0.194261 176.361854 129.237077
0.270078 0.353254 0.307262 0.267142 0.240721 0.208919 0.328790 0.297477 -0.310198 -0.118159 -0.420773 -0.225065 -0.062260 0.000002 0.195219 0.194241 176.349668 129.241352
0.270240 0.353166 0.308289 0.268289 0.242436 0.206826 0.324874 0.294630 -0.309264 -0.117559 -0.419507 -0.225363 -0.061706 0.000001 0.190241 0.190729 176.293785 129.242695
0.270009 0.353164 0.308162 0.268052 0.242617 0.206909 0.324793 0.294466 -0.309140 -0.117640 -0.419687 -0.225496 -0.061755 0.000001 0.190278 0.190767 176.276395 129.246940
0.268702 0.351755 0.309740 0.267725 0.241832 0.208610 0.328305 0.297038 -0.309740 -0.117740 -0.420152 -0.224732 -0.062290 0.000002 0.194931 0.193954 176.275162 129.274751
0.269776 0.351882 0.308875 0.267822 0.242408 0.208197 0.327446 0.296168 -0.309852 -0.117783 -0.420304 -0.224814 -0.062068 0.000002 0.194024 0.193047 176.178273 129.277923
0.270509 0.351564 0.308595 0.267580 0.242189 0.208009 0.327150 0.295900 -0.309572 -0.117676 -0.419924 -0.226564 -0.062012 0.000002 0.193849 0.192872 176.079574 129.285856
0.269677 0.351753 0.308761 0.267723 0.242807 0.207143 0.325371 0.296058 -0.309738 -0.117739 -0.420149 -0.225708 -0.061801 0.000001 0.190533 0.191510 176.059459 129.287094
0.267194 0.351366 0.311237 0.253492 0.249088 0.205045 0.329833 0.298514 -0.311237 -0.118672 -0.423792 -0.227556 -0.062639 0.000001 0.196236 0.193300 176.012864 129.299038
0.267095 0.351235 0.311122 0.253398 0.249484 0.204968 0.329711 0.298403 -0.311122 -0.118872 -0.423634 -0.227960 -0.062616 0.000001 0.196163 0.193228 175.959037 129.305065
0.267295 0.351498 0.311355 0.253588 0.249182 0.203654 0.324083 0.295689 -0.309397 -0.118716 -0.424931 -0.226173 -0.062663 0.000001 0.187009 0.191904 175.953737 129.331763
0.267116 0.351262 0.311146 0.253418 0.249504 0.204006 0.323866 0.295491 -0.309189 -0.118881 -0.425624 -0.226021 -0.061887 0.000002 0.186883 0.190797 175.831011 129.343914
0.268364 0.350637 0.311459 0.253673 0.249265 0.203722 0.325171 0.295788 -0.310480 -0.118756 -0.426053 -0.224780 -0.060970 0.000002 0.187072 0.190500 175.730415 129.355375
0.268971 0.350151 0.311028 0.253321 0.248431 0.201973 0.323743 0.294401 -0.308094 -0.122748 -0.421550 -0.228381 -0.063819 0.000013 0.186323 0.190725 175.688319 129.382328
0.268084 0.350271 0.311134 0.253408 0.249005 0.203020 0.322875 0.294501 -0.310156 -0.118632 -0.425608 -0.226502 -0.063352 0.000001 0.185898 0.190790 175.606599 129.390218
0.268593 0.349955 0.310744 0.251928 0.249968 0.201445 0.323488 0.294080 -0.312705 -0.119102 -0.422494 -0.232323 -0.061144 0.000002 0.186741 0.190662 175.399062 129.413978
0.268218 0.349467 0.310311 0.252556 0.249130 0.204100 0.323036 0.294648 -0.308353 -0.122362 -0.423863 -0.228083 -0.063384 0.000001 0.186480 0.191375 175.319783 129.422579
0.268166 0.349399 0.310251 0.252507 0.249081 0.204061 0.323953 0.294591 -0.310251 -0.122339 -0.423781 -0.227550 -0.063371 0.000001 0.186444 0.191338 175.241502 129.427031
0.268102 0.349315 0.310176 0.252446 0.249021 0.202055 0.323875 0.294520 -0.310176 -0.122554 -0.423679 -0.227984 -0.063356 0.000001 0.186399 0.191291 175.235013 129.452044
0.268050 0.349248 0.310116 0.252397 0.249952 0.203972 0.321856 0.293485 -0.310116 -0.122530 -0.423597 -0.227940 -0.063344 0.000001 0.186363 0.190276 175.134136 129.452424
0.267967 0.349139 0.310020 0.253297 0.247429 0.203909 0.322734 0.293394 -0.310998 -0.122737 -0.421510 -0.231781 -0.061002 0.000001 0.186305 0.190217 175.112490 129.464331
0.267887 0.349036 0.309928 0.252244 0.249800 0.202382 0.323616 0.294285 -0.312861 -0.119278 -0.426273 -0.227802 -0.063305 0.000001 0.186250 0.191139 175.015754 129.468939
0.267712 0.348807 0.309725 0.252079 0.249148 0.203715 0.322427 0.293115 -0.313633 -0.120177 -0.425994 -0.227653 -0.063264 0.000002 0.185640 0.190036 174.836170 129.490146
0.267456 0.348473 0.309428 0.251838 0.248909 0.203520 0.322118 0.292835 -0.313333 -0.120062 -0.425586 -0.230363 -0.062349 0.000001 0.185462 0.189854 174.667711 129.512224
0.266189 0.350044 0.306166 0.252539 0.249126 0.200861 0.322742 0.293491 -0.312017 -0.118713 -0.431948 -0.225725 -0.062891 -0.000001 0.183310 0.190135 174.620759 129.530281
0.267742 0.347869 0.309759 0.251130 0.249176 0.201783 0.323440 0.294125 -0.310737 -0.122878 -0.426041 -0.227678 -0.063271 0.000001 0.186149 0.190057 174.494659 129.537562
0.267889 0.348060 0.307974 0.253223 0.248335 0.201894 0.323617 0.294286 -0.310907 -0.122945 -0.426275 -0.227803 -0.063306 0.000001 0.186251 0.190651 174.259769 129.552947
0.267695 0.347808 0.307751 0.252063 0.247667 0.204191 0.321429 0.293097 -0.310682 -0.124078 -0.423036 -0.233500 -0.063260 0.000012 0.185628 0.190024 174.108954 129.553180
0.266958 0.348121 0.308028 0.253268 0.249845 0.203885 0.321718 0.293360 -0.309984 -0.122967 -0.426350 -0.227843 -0.062828 0.000002 0.185795 0.190195 174.058969 129.553664
0.268070 0.347317 0.307205 0.251438 0.248014 0.201542 0.323837 0.294486 -0.315031 -0.120827 -0.428521 -0.228936 -0.063838 0.000001 0.186867 0.191269 173.877971 129.601831
0.267982 0.347203 0.307104 0.251356 0.250378 0.200987 0.323731 0.294389 -0.314928 -0.120788 -0.428381 -0.228861 -0.063817 0.000001 0.186805 0.191206 173.740377 129.602504
0.267886 0.347078 0.306993 0.251265 0.247843 0.201403 0.323614 0.294283 -0.314815 -0.120744 -0.428226 -0.231711 -0.060983 0.000002 0.185760 0.190160 173.701120 129.620137
0.267798 0.346965 0.306893 0.251183 0.250206 0.200849 0.323508 0.294187 -0.314712 -0.120705 -0.428087 -0.231636 -0.060963 0.000002 0.186188 0.191075 173.540514 129.627529
0.267991 0.345953 0.309896 0.252399 0.248501 0.200750 0.322564 0.293329 -0.311845 -0.118647 -0.431710 -0.225600 -0.062613 0.000001 0.183209 0.190030 173.474746 129.643125
0.267484 0.346557 0.306532 0.252840 0.247959 0.202565 0.322152 0.293842 -0.312390 -0.119587 -0.432464 -0.226971 -0.063210 0.000001 0.185481 0.189874 172.974194 129.663716
0.268095 0.346371 0.306254 0.251461 0.248037 0.201560 0.323866 0.294513 -0.313103 -0.119860 -0.433453 -0.226511 -0.063110 0.000001 0.185416 0.190308 172.955957 129.665687
0.267990 0.346235 0.306134 0.251363 0.247939 0.201481 0.323739 0.294398 -0.312981 -0.119813 -0.433283 -0.227400 -0.063330 0.000017 0.185832 0.190234 172.828223 129.675112
0.267941 0.346173 0.306079 0.251317 0.247895 0.201445 0.323681 0.294344 -0.312924 -0.119791 -0.433205 -0.227848 -0.063318 0.000001 0.185799 0.190688 172.774087 129.681147
0.267886 0.346101 0.306016 0.251266 0.247844 0.201404 0.323614 0.294284 -0.312860 -0.119767 -0.434093 -0.226823 -0.063305 0.000001 0.185761 0.189671 172.677492 129.688834
0.267866 0.346075 0.305993 0.251246 0.247825 0.201388 0.323590 0.294261 -0.312836 -0.119757 -0.434060 -0.227295 -0.062567 0.000002 0.185746 0.190146 172.660332 129.695816
0.267709 0.345872 0.305813 0.250122 0.249634 0.201759 0.324377 0.294089 -0.312653 -0.119199 -0.436737 -0.224719 -0.063263 0.000001 0.186126 0.191011 172.326473 129.705798
0.267639 0.345782 0.305734 0.250057 0.249569 0.202195 0.323316 0.294012 -0.312571 -0.119656 -0.436623 -0.224661 -0.063247 0.000002 0.185589 0.189985 172.219223 129.714386
0.267639 0.345782 0.305734 0.250057 0.249569 0.202195 0.323316 0.294012 -0.312571 -0.119656 -0.436623 -0.224661 -0.063247 0.000001 0.185589 0.189985 172.218516 129.714395
0.267885 0.346099 0.304059 0.254197 0.246864 0.201891 0.323612 0.294282 -0.312858 -0.119766 -0.434090 -0.227311 -0.063305 0.000001 0.185759 0.190159 172.083534 129.715055
0.267830 0.346028 0.303997 0.254145 0.248280 0.201850 0.323546 0.294222 -0.312794 -0.119741 -0.434002 -0.227264 -0.063292 0.000001 0.186210 0.190609 171.942675 129.717446
0.267012 0.345257 0.306135 0.250385 0.247940 0.201971 0.324718 0.294398 -0.313959 -0.120058 -0.434261 -0.227889 -0.063085 0.000001 0.186322 0.190723 171.936602 129.732486
0.267449 0.344843 0.306636 0.250795 0.247856 0.201811 0.324270 0.294880 -0.313493 -0.120009 -0.433993 -0.227773 -0.063189 0.000001 0.186137 0.190545 171.825228 129.738917
0.268488 0.344641 0.306564 0.250914 0.247009 0.202098 0.325114 0.293872 -0.309493 -0.123016 -0.433486 -0.226506 -0.063217 0.000001 0.185501 0.190870 171.696843 129.739385
0.268169 0.344509 0.306339 0.251531 0.248105 0.201616 0.323956 0.294595 -0.313190 -0.119404 -0.434551 -0.227552 -0.063372 0.000001 0.185957 0.190361 171.580217 129.749573
0.268109 0.344433 0.306271 0.250496 0.247072 0.202061 0.325841 0.294529 -0.310185 -0.123536 -0.433476 -0.227012 -0.062624 0.000002 0.185915 0.191297 171.491171 129.755512
0.268126 0.344454 0.306290 0.250512 0.249044 0.203052 0.322926 0.294547 -0.310204 -0.123054 -0.433503 -0.226537 -0.063117 0.000000 0.185438 0.190820 171.436020 129.755835
0.268540 0.344708 0.304671 0.254869 0.247057 0.202137 0.325177 0.293929 -0.309553 -0.123528 -0.432593 -0.226062 -0.063229 0.000002 0.186513 0.190907 171.307911 129.757899
0.267970 0.344254 0.306112 0.250366 0.249877 0.202445 0.323716 0.294376 -0.312958 -0.119315 -0.437163 -0.224939 -0.063325 0.000001 0.186308 0.191198 171.307597 129.772283
0.267901 0.344165 0.306033 0.250302 0.249813 0.202392 0.323632 0.294300 -0.312877 -0.119284 -0.437050 -0.225858 -0.062575 0.000002 0.185771 0.191148 171.237883 129.779105
0.268609 0.343819 0.305725 0.250050 0.249562 0.202189 0.323307 0.294004 -0.312563 -0.119165 -0.436611 -0.227585 -0.063245 0.000001 0.186072 0.190956 171.098517 129.785208
0.269867 0.341245 0.308000 0.256178 0.239556 0.207289 0.327556 0.298223 -0.308978 -0.120511 -0.437067 -0.223911 -0.061845 0.000001 0.186756 0.194578 171.050615 129.805391
0.269782 0.341138 0.307904 0.256098 0.239481 0.207224 0.327453 0.298129 -0.308881 -0.121206 -0.436930 -0.223352 -0.062803 0.000001 0.190118 0.191584 170.967193 129.812350
0.269571 0.340870 0.307662 0.255897 0.239293 0.208038 0.327196 0.297895 -0.308639 -0.121111 -0.436587 -0.225130 -0.062997 0.000002 0.189969 0.192899 170.912839 129.820952
0.269579 0.340881 0.307672 0.255905 0.239300 0.207068 0.327206 0.297904 -0.308648 -0.121115 -0.436601 -0.225138 -0.062999 0.000002 0.189975 0.191929 170.894282 129.826456
0.268045 0.343371 0.301306 0.254349 0.239675 0.208371 0.327719 0.298371 -0.309132 -0.122772 -0.442176 -0.223045 -0.061631 0.000002 0.190273 0.192718 170.873873 129.830436
0.267987 0.343298 0.301241 0.254295 0.239624 0.208326 0.327649 0.298307 -0.309066 -0.122746 -0.442081 -0.223486 -0.061862 0.000002 0.190232 0.192677 170.848626 129.833202
0.267951 0.343251 0.301200 0.254260 0.239591 0.208297 0.327604 0.298266 -0.309023 -0.122729 -0.442021 -0.223455 -0.062831 0.000001 0.190206 0.193140 170.840223 129.833456
0.267841 0.343111 0.301077 0.254156 0.239493 0.208212 0.327470 0.298145 -0.308897 -0.122435 -0.442818 -0.223364 -0.062561 0.000001 0.190128 0.192572 170.795189 129.844636
0.267986 0.343296 0.301240 0.254293 0.239623 0.208325 0.325691 0.296349 -0.309064 -0.122745 -0.442079 -0.223485 -0.061862 0.000002 0.186808 0.193165 170.762611 129.858109
0.269967 0.340393 0.308114 0.256273 0.239644 0.207855 0.324743 0.295398 -0.309092 -0.121534 -0.437229 -0.223016 -0.061745 0.000002 0.185847 0.191716 170.696256 129.868371
0.267794 0.343050 0.301024 0.254111 0.238962 0.207687 0.325458 0.296138 -0.307866 -0.123146 -0.442740 -0.223325 -0.063039 0.000001 0.186674 0.191072 170.677036 129.872445
0.267832 0.343098 0.301066 0.254147 0.239484 0.208205 0.324526 0.296179 -0.308886 -0.123652 -0.441824 -0.223356 -0.062437 0.000002 0.186700 0.191099 170.632673 129.876888
0.267711 0.342944 0.300931 0.254033 0.238888 0.207623 0.325357 0.296046 -0.308747 -0.123352 -0.442603 -0.223256 -0.063020 0.000002 0.186128 0.191990 170.621685 129.886171
0.267600 0.342801 0.300806 0.256857 0.238301 0.208025 0.326198 0.293969 -0.308619 -0.123545 -0.441442 -0.223163 -0.061773 0.000002 0.186050 0.190445 170.512946 129.892412
0.270011 0.340449 0.305230 0.254359 0.238706 0.207889 0.324796 0.295447 -0.308165 -0.123511 -0.438279 -0.225499 -0.062611 0.000001 0.185877 0.191258 170.440599 129.896613
0.269963 0.340388 0.305175 0.254313 0.238663 0.207852 0.324738 0.295394 -0.308110 -0.123488 -0.438200 -0.225947 -0.062600 0.000001 0.185844 0.191224 170.417728 129.899884
0.269963 0.340388 0.305175 0.254313 0.238663 0.207852 0.324738 0.294416 -0.308110 -0.123488 -0.438200 -0.225947 -0.062600 0.000002 0.185844 0.190246 170.371188 129.902173
0.270821 0.340237 0.305040 0.253222 0.238557 0.207760 0.325572 0.295263 -0.309929 -0.122212 -0.440939 -0.223403 -0.063061 0.000002 0.186739 0.192117 170.363272 129.906642
0.269845 0.340239 0.305042 0.254201 0.238558 0.207761 0.325573 0.295265 -0.309930 -0.123434 -0.438009 -0.225848 -0.063061 0.000002 0.186740 0.192118 170.326919 129.909379
0.270834 0.340253 0.305055 0.253235 0.238568 0.209236 0.322654 0.295277 -0.309943 -0.123195 -0.439005 -0.225369 -0.061842 0.000002 0.185282 0.191148 170.308366 129.912112
0.270772 0.340176 0.304986 0.253177 0.238514 0.209678 0.321603 0.295210 -0.308896 -0.122923 -0.439883 -0.224829 -0.062806 -0.000001 0.185240 0.189638 170.271817 129.914168
0.270583 0.339938 0.304772 0.253000 0.238347 0.207577 0.325285 0.295980 -0.309656 -0.123081 -0.441529 -0.222718 -0.063006 0.000002 0.186575 0.190971 170.240906 129.927898
0.270542 0.339887 0.304726 0.252962 0.239288 0.207058 0.325237 0.294960 -0.308633 -0.123551 -0.441463 -0.222685 -0.062752 -0.000001 0.186547 0.190454 170.230250 129.936335
0.270582 0.339937 0.304771 0.252999 0.238346 0.207576 0.325284 0.294026 -0.309655 -0.123081 -0.441527 -0.222717 -0.063006 0.000002 0.185598 0.190970 170.193543 129.936426
0.269183 0.339661 0.305401 0.253522 0.239329 0.209474 0.323020 0.295612 -0.310295 -0.122111 -0.439503 -0.226114 -0.062646 0.000001 0.186471 0.191365 170.118601 129.937843
0.269098 0.339553 0.305304 0.253441 0.238763 0.207939 0.325853 0.295518 -0.310196 -0.122317 -0.441321 -0.223596 -0.063116 0.000002 0.186901 0.192283 170.114832 129.949192
0.269065 0.339511 0.305266 0.253410 0.238734 0.207914 0.325813 0.295482 -0.310158 -0.122547 -0.441266 -0.223568 -0.063108 0.000002 0.186878 0.191280 170.065195 129.949983
0.269837 0.339251 0.305033 0.253216 0.238551 0.207755 0.325564 0.296234 -0.308943 -0.123186 -0.441906 -0.223397 -0.061838 0.000002 0.186735 0.191134 170.057754 129.959973
0.269733 0.339121 0.304915 0.253119 0.239437 0.207675 0.325439 0.296120 -0.308825 -0.123628 -0.441737 -0.223311 -0.061814 0.000002 0.186663 0.191061 169.963697 129.966750
0.273333 0.337762 0.305547 0.254786 0.238190 0.206952 0.325071 0.295786 -0.308476 -0.123000 -0.441238 -0.223059 -0.061744 0.000002 0.186452 0.190845 169.849552 129.975035
0.273077 0.337676 0.305377 0.254480 0.238331 0.207010 0.324952 0.295589 -0.308313 -0.123080 -0.441426 -0.223160 -0.062641 0.000002 0.186456 0.190371 169.738895 129.979807
0.269837 0.338274 0.306011 0.253217 0.238552 0.207266 0.325564 0.296234 -0.309922 -0.122698 -0.441907 -0.223398 -0.061838 0.000002 0.185757 0.191135 169.718644 129.992808
0.269774 0.338195 0.305939 0.253157 0.238496 0.207706 0.325488 0.296165 -0.309849 -0.122669 -0.441804 -0.224323 -0.060846 0.000002 0.186691 0.190112 169.659814 129.995752
0.272822 0.337361 0.305091 0.254243 0.236641 0.207306 0.325626 0.296291 -0.309003 -0.123210 -0.441991 -0.223440 -0.063072 0.000002 0.186771 0.192149 169.607909 130.001226
0.273682 0.337215 0.304960 0.254133 0.236539 0.207216 0.324508 0.295185 -0.308869 -0.123645 -0.441800 -0.223344 -0.063045 0.000001 0.185713 0.190111 169.588734 130.004122
0.273603 0.337118 0.304871 0.254060 0.237937 0.207156 0.324415 0.296077 -0.309757 -0.122633 -0.442650 -0.223279 -0.061805 0.000002 0.186148 0.190545 169.517169 130.007617
0.272755 0.337277 0.305016 0.254180 0.236583 0.207254 0.324568 0.295240 -0.308926 -0.123668 -0.441882 -0.223385 -0.063056 0.000002 0.185747 0.190146 169.486787 130.016218
0.272667 0.337169 0.304918 0.254099 0.236507 0.207188 0.325442 0.296122 -0.308827 -0.123140 -0.442718 -0.223313 -0.063036 0.000002 0.186176 0.191551 169.445801 130.016965
0.269971 0.337464 0.306163 0.253342 0.238670 0.207369 0.325726 0.296381 -0.310075 -0.122759 -0.442126 -0.223509 -0.061868 0.000002 0.186339 0.191229 169.346050 130.022125
0.272570 0.337049 0.304810 0.254008 0.237888 0.207114 0.324349 0.295040 -0.307740 -0.123340 -0.442560 -0.223722 -0.063258 0.000012 0.185621 0.190017 169.261065 130.026677
0.272490 0.336950 0.304720 0.253933 0.236353 0.207053 0.325230 0.295930 -0.308627 -0.123060 -0.442430 -0.225122 -0.062507 0.000001 0.186055 0.190450 169.250117 130.029378
0.272502 0.336965 0.304733 0.253944 0.237829 0.207062 0.325244 0.293990 -0.309617 -0.123310 -0.442449 -0.222690 -0.064951 0.000001 0.186552 0.190947 169.210218 130.030217
0.272502 0.336965 0.304733 0.253944 0.237829 0.207062 0.325244 0.293990 -0.309617 -0.123310 -0.442449 -0.222690 -0.064951 0.000002 0.186552 0.190947 169.209833 130.030226
0.272156 0.336769 0.304463 0.253556 0.236913 0.207054 0.326000 0.296631 -0.309358 -0.123351 -0.442499 -0.225165 -0.062655 0.000001 0.186496 0.192370 169.124385 130.038385
0.272063 0.336653 0.304358 0.253469 0.236342 0.206983 0.324910 0.295550 -0.312187 -0.123064 -0.442347 -0.225088 -0.062511 0.000001 0.185942 0.191814 169.024158 130.063355
0.272855 0.335446 0.307084 0.252318 0.238626 0.207331 0.324688 0.295349 -0.309040 -0.122736 -0.443023 -0.223956 -0.060757 0.000002 0.183859 0.191194 168.764180 130.068144
0.272724 0.335284 0.306937 0.252196 0.238511 0.208697 0.323554 0.294229 -0.310847 -0.122677 -0.442810 -0.223360 -0.062560 0.000001 0.186215 0.190614 168.669949 130.078912
0.272651 0.335195 0.306855 0.252129 0.239913 0.207176 0.324445 0.296105 -0.308809 -0.123621 -0.442691 -0.223300 -0.062421 0.000002 0.186654 0.191051 168.424892 130.083992
0.270856 0.335392 0.307036 0.254233 0.239566 0.208276 0.323658 0.295302 -0.309969 -0.122716 -0.440997 -0.224899 -0.062458 0.000001 0.186275 0.191164 168.003366 130.099252
0.270831 0.335361 0.307007 0.254209 0.239543 0.207278 0.324606 0.296252 -0.309940 -0.122949 -0.440955 -0.224877 -0.062452 0.000001 0.186746 0.191146 167.968292 130.099729
0.270835 0.335367 0.307012 0.256169 0.238081 0.208260 0.323634 0.295279 -0.309945 -0.121974 -0.441941 -0.222926 -0.063065 0.000002 0.185772 0.191149 167.910417 130.111046
0.270198 0.338479 0.297511 0.271174 0.231668 0.206794 0.323848 0.294584 -0.309216 -0.122418 -0.440901 -0.223377 -0.061697 0.000001 0.183384 0.190700 167.746686 130.127971
0.274663 0.332333 0.311806 0.252182 0.240452 0.207219 0.322558 0.295190 -0.309851 -0.121937 -0.440829 -0.222858 -0.062435 0.000001 0.185715 0.190114 167.626276 130.132780
0.273649 0.332288 0.311764 0.252148 0.237977 0.207191 0.325447 0.295150 -0.309809 -0.121920 -0.441747 -0.222828 -0.063037 0.000002 0.185690 0.191065 167.367086 130.143220
0.275916 0.331686 0.310161 0.251455 0.236779 0.208405 0.324837 0.295485 -0.309182 -0.122548 -0.443227 -0.223081 -0.063353 0.000001 0.186390 0.190793 167.240647 130.145817
0.274333 0.331934 0.311432 0.251879 0.240164 0.208923 0.323147 0.293859 -0.310456 -0.122523 -0.440300 -0.224543 -0.061383 0.000001 0.185980 0.190374 167.180483 130.149615
0.275903 0.331670 0.310146 0.253400 0.236767 0.208394 0.324821 0.295470 -0.309167 -0.122542 -0.442227 -0.223070 -0.062616 0.000001 0.186870 0.191273 167.113701 130.153604
0.275852 0.331609 0.310089 0.253353 0.236724 0.208845 0.324762 0.296394 -0.308132 -0.123253 -0.442145 -0.223029 -0.062482 0.000001 0.186836 0.191727 167.057579 130.154204
0.275822 0.331573 0.310055 0.253326 0.236698 0.208823 0.324726 0.296362 -0.308099 -0.123484 -0.442097 -0.223005 -0.062353 0.000002 0.186326 0.192195 167.035612 130.159011
0.275789 0.331533 0.310018 0.253295 0.237159 0.207331 0.325666 0.296326 -0.309040 -0.123225 -0.442045 -0.222978 -0.062590 0.000002 0.186793 0.192172 167.012540 130.163960
0.275781 0.331524 0.310009 0.253288 0.238130 0.207325 0.324679 0.296318 -0.308054 -0.123221 -0.442032 -0.223461 -0.061855 0.000002 0.186299 0.191189 166.945577 130.167909
0.275746 0.331482 0.309970 0.253256 0.236633 0.208276 0.324637 0.295302 -0.308992 -0.122472 -0.442953 -0.222943 -0.062581 0.000002 0.186275 0.190675 166.927198 130.170164
0.275696 0.331421 0.309913 0.253210 0.236590 0.208727 0.324578 0.296226 -0.307958 -0.123183 -0.442873 -0.222903 -0.062447 0.000002 0.186730 0.191129 166.898721 130.171445
0.273990 0.331724 0.310196 0.253441 0.236806 0.207939 0.325852 0.296496 -0.308239 -0.123295 -0.442298 -0.223106 -0.062871 0.000001 0.186900 0.191304 166.808140 130.176586
0.275617 0.331327 0.309825 0.253138 0.236523 0.207202 0.325463 0.295165 -0.308848 -0.123392 -0.442747 -0.222840 -0.062551 0.000002 0.186188 0.190586 166.806658 130.187179
0.275610 0.331318 0.309817 0.253131 0.236516 0.208173 0.324477 0.295157 -0.308839 -0.123389 -0.442735 -0.222833 -0.062550 0.000002 0.186183 0.190581 166.792940 130.187893
0.273852 0.331557 0.310040 0.253313 0.238153 0.207345 0.325688 0.296347 -0.309062 -0.123233 -0.442075 -0.223483 -0.062472 0.000001 0.186806 0.192185 166.700036 130.191499
0.273582 0.331230 0.311688 0.253064 0.237919 0.207141 0.325368 0.296055 -0.309734 -0.122624 -0.441640 -0.223263 -0.061800 0.000002 0.186134 0.191019 166.641857 130.198547
0.273582 0.331230 0.311688 0.253064 0.237919 0.207141 0.325368 0.296055 -0.309734 -0.122624 -0.441640 -0.223263 -0.061800 0.000002 0.186134 0.191019 166.641846 130.198548
0.273497 0.331127 0.311592 0.252985 0.236380 0.208542 0.325267 0.295963 -0.309638 -0.122585 -0.442480 -0.222705 -0.062392 0.000002 0.186564 0.190960 166.597542 130.202164
0.273957 0.332662 0.300374 0.272000 0.230906 0.208403 0.329727 0.295482 -0.303309 -0.124993 -0.441266 -0.223079 -0.061885 0.000002 0.186388 0.193237 166.494489 130.212370
0.272861 0.330563 0.311003 0.253301 0.238142 0.207335 0.325673 0.296333 -0.309047 -0.123716 -0.442054 -0.223472 -0.061858 0.000002 0.186797 0.191198 166.401863 130.238176
0.273955 0.332659 0.300372 0.271998 0.230905 0.208401 0.325810 0.296458 -0.308199 -0.123280 -0.441263 -0.223077 -0.061640 0.000002 0.186876 0.192257 166.342244 130.248447
0.273991 0.332703 0.300411 0.273012 0.230935 0.207450 0.325853 0.295519 -0.309218 -0.121828 -0.441321 -0.223596 -0.061036 0.000001 0.186412 0.191304 166.266870 130.252429
0.273984 0.332695 0.300404 0.273005 0.230929 0.207445 0.325845 0.294533 -0.308232 -0.122314 -0.441310 -0.223101 -0.062013 0.000002 0.184939 0.191789 166.260503 130.253293
0.273934 0.332635 0.300350 0.272956 0.230888 0.207408 0.325786 0.294480 -0.308176 -0.122292 -0.441230 -0.223550 -0.062002 0.000002 0.184906 0.191754 166.236381 130.256586
0.273760 0.332423 0.300158 0.271805 0.230741 0.207764 0.325579 0.296248 -0.307980 -0.123437 -0.441927 -0.222919 -0.061840 0.000001 0.186255 0.191632 166.229406 130.271369
0.273706 0.332358 0.300099 0.271751 0.230695 0.207723 0.325515 0.296189 -0.307920 -0.123412 -0.441840 -0.223364 -0.061950 0.000002 0.186218 0.191594 166.197917 130.274604
0.273725 0.332380 0.300119 0.272747 0.230711 0.207249 0.325537 0.295231 -0.307940 -0.123176 -0.441870 -0.222401 -0.062443 0.000002 0.185253 0.191607 166.164027 130.278969
0.273622 0.332255 0.300007 0.271667 0.230624 0.207659 0.325415 0.296098 -0.308802 -0.123618 -0.441704 -0.223295 -0.061931 0.000002 0.186161 0.191535 166.121347 130.284536
0.273674 0.332318 0.300064 0.272697 0.231157 0.207210 0.324499 0.295177 -0.308861 -0.122420 -0.441788 -0.223826 -0.060721 0.000002 0.183753 0.191083 166.070629 130.287714
0.273520 0.332131 0.299895 0.272543 0.230538 0.207094 0.325293 0.295988 -0.307710 -0.123084 -0.442516 -0.222723 -0.062397 0.000002 0.184626 0.191464 166.055657 130.293435
0.273895 0.331609 0.300307 0.271939 0.230855 0.207867 0.325740 0.296394 -0.308132 -0.123498 -0.442146 -0.223029 -0.061871 0.000002 0.186347 0.191727 165.980467 130.295720
0.273895 0.331609 0.300307 0.271939 0.230855 0.207867 0.325740 0.296394 -0.308132 -0.123498 -0.442146 -0.223029 -0.061871 0.000001 0.186347 0.191727 165.980387 130.295722
0.273823 0.331522 0.300227 0.271867 0.230794 0.207812 0.325654 0.296316 -0.308051 -0.123954 -0.442029 -0.222970 -0.061977 0.000002 0.186298 0.191676 165.930584 130.304050
0.273692 0.331362 0.300083 0.271737 0.230683 0.207712 0.325497 0.296173 -0.309858 -0.122672 -0.442794 -0.223352 -0.061825 0.000002 0.186208 0.191584 165.810964 130.315411
0.274681 0.330399 0.302051 0.270771 0.230693 0.207721 0.325511 0.296186 -0.308894 -0.123166 -0.441835 -0.223361 -0.061828 0.000002 0.186705 0.191104 165.753431 130.318439
0.274624 0.330330 0.301988 0.270715 0.230645 0.207678 0.325444 0.296125 -0.308830 -0.123141 -0.441744 -0.223315 -0.063281 0.000002 0.186177 0.192041 165.708505 130.319094
0.273523 0.331158 0.299898 0.271569 0.231517 0.207584 0.325296 0.295990 -0.308690 -0.123574 -0.442520 -0.223214 -0.063008 0.000001 0.186093 0.192443 165.688358 130.326888
0.274791 0.330532 0.300217 0.270880 0.231764 0.207316 0.324665 0.295327 -0.308040 -0.123461 -0.442991 -0.223451 -0.062586 0.000002 0.185802 0.191181 165.623980 130.335581
0.273672 0.330362 0.302017 0.271718 0.230667 0.207698 0.325475 0.296153 -0.309836 -0.122664 -0.441785 -0.223336 -0.061821 0.000002 0.186684 0.191082 165.521595 130.337244
0.274860 0.329636 0.302248 0.270947 0.230843 0.208835 0.324746 0.296379 -0.309095 -0.122758 -0.442123 -0.223996 -0.061012 0.000001 0.186337 0.191717 165.418417 130.341777
0.274895 0.329678 0.302286 0.270982 0.231362 0.207394 0.324787 0.295438 -0.309134 -0.122529 -0.442179 -0.224025 -0.060775 0.000002 0.183915 0.191252 165.400648 130.347914
0.274802 0.329567 0.302184 0.270890 0.231284 0.207324 0.325655 0.296317 -0.309030 -0.123221 -0.442030 -0.223460 -0.061855 0.000002 0.186787 0.191188 165.345703 130.349334
0.273740 0.330443 0.300136 0.272762 0.230723 0.207260 0.325555 0.296225 -0.308935 -0.123183 -0.442872 -0.222902 -0.062447 0.000002 0.184774 0.191618 165.306816 130.352335
0.273889 0.329645 0.302256 0.270954 0.230849 0.207862 0.325732 0.296387 -0.309103 -0.123250 -0.442135 -0.223513 -0.061869 0.000001 0.186342 0.191722 165.260879 130.358276
0.274650 0.329384 0.302017 0.270740 0.231155 0.207209 0.325475 0.296152 -0.307881 -0.123153 -0.442763 -0.223336 -0.063042 0.000002 0.186195 0.191082 165.221785 130.360045
0.274580 0.329300 0.301940 0.270671 0.230608 0.207645 0.325392 0.296077 -0.308780 -0.123365 -0.442650 -0.223279 -0.063026 0.000002 0.186147 0.192010 165.194511 130.368901
0.273832 0.329576 0.302193 0.270898 0.231290 0.207330 0.324686 0.295347 -0.309039 -0.123469 -0.442043 -0.223955 -0.060756 0.000002 0.183858 0.191193 165.161657 130.372691
0.274513 0.329221 0.301867 0.270606 0.231041 0.207595 0.325313 0.296006 -0.308705 -0.123580 -0.442543 -0.224202 -0.060813 0.000002 0.186591 0.190010 165.102616 130.376647
0.274504 0.329209 0.301857 0.271573 0.231033 0.207099 0.325302 0.295995 -0.308695 -0.123331 -0.442528 -0.223218 -0.062032 0.000002 0.186096 0.190981 165.034552 130.380868
0.274391 0.329074 0.301733 0.270486 0.230938 0.207502 0.325169 0.295874 -0.308568 -0.124501 -0.442346 -0.223126 -0.062983 0.000002 0.186020 0.191879 164.970278 130.390849
0.274062 0.328875 0.302447 0.270147 0.231485 0.207504 0.324959 0.295596 -0.309299 -0.123817 -0.442415 -0.223165 -0.062643 0.000002 0.185971 0.191354 164.842135 130.397378
0.273963 0.328756 0.302338 0.271028 0.231401 0.207429 0.324842 0.295489 -0.309187 -0.123773 -0.442255 -0.223085 -0.062620 0.000002 0.185904 0.191285 164.639708 130.407603
0.274003 0.328803 0.300424 0.272046 0.229477 0.207948 0.326846 0.296510 -0.308253 -0.123301 -0.444276 -0.223606 -0.062629 0.000001 0.185930 0.191802 164.356641 130.410432
0.273961 0.328753 0.300379 0.272004 0.229442 0.207917 0.326796 0.296465 -0.308206 -0.123527 -0.444208 -0.223572 -0.062864 0.000001 0.187370 0.191773 164.335785 130.418192
0.273914 0.328697 0.300327 0.271957 0.230870 0.207881 0.325762 0.296414 -0.308153 -0.123506 -0.444132 -0.223533 -0.062609 0.000002 0.186359 0.192229 164.211757 130.425415
0.274047 0.327878 0.302431 0.272090 0.231472 0.207493 0.325921 0.296559 -0.310261 -0.122832 -0.442391 -0.224132 -0.061049 0.000001 0.186940 0.191344 163.916712 130.436024
0.273931 0.327738 0.302302 0.271974 0.230884 0.208383 0.325782 0.296432 -0.310129 -0.122780 -0.443181 -0.223058 -0.062857 0.000001 0.186860 0.191262 163.734735 130.439049
0.273920 0.327726 0.302291 0.271964 0.231365 0.207397 0.325770 0.296421 -0.310117 -0.122775 -0.443164 -0.223049 -0.062855 0.000001 0.186853 0.191255 163.722813 130.447463
0.273848 0.327640 0.302211 0.271892 0.231304 0.207342 0.325684 0.296343 -0.309057 -0.123476 -0.443047 -0.223480 -0.062105 0.000002 0.186314 0.192183 163.637075 130.462538
0.275054 0.326932 0.301483 0.275054 0.231006 0.207514 0.325954 0.296588 -0.308335 -0.123579 -0.442436 -0.223175 -0.061912 0.000002 0.186469 0.191853 163.181086 130.473082
0.274859 0.326701 0.301269 0.274859 0.230353 0.208345 0.325723 0.296378 -0.308116 -0.123491 -0.443100 -0.223506 -0.061868 0.000002 0.186337 0.192206 163.041871 130.488298
0.274849 0.326689 0.301258 0.274849 0.230834 0.207359 0.325711 0.296367 -0.310061 -0.122753 -0.443084 -0.223498 -0.061865 0.000002 0.186330 0.191710 162.998257 130.492504
0.274910 0.326761 0.300346 0.277845 0.231374 0.207894 0.324805 0.295455 -0.308173 -0.122046 -0.443182 -0.223059 -0.062613 0.000002 0.185882 0.192241 162.888827 130.492868
0.274546 0.326328 0.301903 0.277477 0.230091 0.208108 0.325351 0.296040 -0.308742 -0.123106 -0.441618 -0.223252 -0.061797 0.000002 0.186124 0.192475 162.858049 130.505222
0.274563 0.326348 0.300944 0.277494 0.230105 0.208120 0.325371 0.296059 -0.307784 -0.123358 -0.442622 -0.223265 -0.061801 0.000002 0.186136 0.191998 162.829812 130.512891
0.274512 0.326289 0.300889 0.277443 0.230063 0.208082 0.325312 0.296004 -0.308704 -0.123335 -0.442541 -0.223224 -0.061790 0.000002 0.186590 0.190986 162.729736 130.517239
0.274465 0.326232 0.300837 0.277395 0.230023 0.208046 0.325255 0.295953 -0.308651 -0.123314 -0.442465 -0.223186 -0.063000 0.000002 0.186070 0.191930 162.725409 130.517432
0.274543 0.326325 0.300923 0.277474 0.230577 0.207129 0.325348 0.296038 -0.309716 -0.122616 -0.442591 -0.223249 -0.062041 0.000002 0.186123 0.191496 162.713946 130.518532
0.274431 0.326192 0.300800 0.277361 0.229995 0.208021 0.325215 0.295917 -0.308613 -0.123543 -0.442410 -0.223158 -0.062992 0.000002 0.186047 0.191906 162.712837 130.520999
0.276979 0.323958 0.302426 0.272086 0.231469 0.207979 0.325915 0.296554 -0.308298 -0.123564 -0.444341 -0.224128 -0.063128 0.000002 0.187426 0.192809 162.557967 130.540537
0.276142 0.323145 0.306498 0.276142 0.231587 0.208575 0.323145 0.294747 -0.308456 -0.122158 -0.440652 -0.223264 -0.061814 0.000001 0.184095 0.190949 162.368319 130.548751
0.276672 0.323599 0.303068 0.278627 0.230723 0.207260 0.325554 0.296225 -0.309912 -0.122205 -0.440916 -0.224857 -0.060858 0.000002 0.186729 0.190640 162.342371 130.549702
0.277873 0.321902 0.306248 0.272981 0.231398 0.207916 0.325816 0.296463 -0.308205 -0.123526 -0.442249 -0.223571 -0.061641 0.000002 0.186880 0.191282 162.276315 130.569595
0.277856 0.321883 0.306229 0.272964 0.231384 0.207903 0.325796 0.296445 -0.309164 -0.123274 -0.442222 -0.223557 -0.061637 0.000002 0.186868 0.191760 162.252527 130.571606
0.277604 0.321590 0.305951 0.277604 0.230196 0.208203 0.326478 0.296176 -0.307906 -0.123407 -0.440843 -0.222865 -0.061825 0.000001 0.186698 0.192074 162.069555 130.581020
0.277604 0.321591 0.305951 0.277604 0.230197 0.208203 0.325501 0.296176 -0.307906 -0.123407 -0.440843 -0.222865 -0.061826 0.000002 0.186210 0.192075 162.065506 130.589379
0.277631 0.321622 0.305003 0.274698 0.230707 0.207734 0.325532 0.296205 -0.308913 -0.123419 -0.442841 -0.223376 -0.061832 0.000002 0.186228 0.192093 162.064718 130.603823
0.277860 0.321887 0.301341 0.278839 0.230898 0.207906 0.325801 0.296450 -0.309168 -0.123521 -0.443207 -0.223560 -0.061883 0.000002 0.186871 0.193230 161.829243 130.612168
0.277817 0.321837 0.301294 0.278795 0.230862 0.207384 0.325750 0.296403 -0.309120 -0.123501 -0.443137 -0.223525 -0.063096 0.000002 0.186842 0.192222 161.757080 130.613685
0.277487 0.321454 0.300936 0.278464 0.230587 0.207138 0.325363 0.296051 -0.309730 -0.123599 -0.443588 -0.225702 -0.058868 0.000002 0.186619 0.191993 161.562336 130.631789
0.279704 0.318823 0.309043 0.271880 0.232271 0.207333 0.324691 0.296329 -0.309043 -0.123471 -0.442049 -0.222980 -0.062347 0.000002 0.186306 0.192174 161.364956 130.648789
0.281786 0.317988 0.305268 0.278851 0.230908 0.207426 0.325815 0.295484 -0.312117 -0.121814 -0.440291 -0.226016 -0.062375 0.000001 0.190793 0.191771 160.685945 130.653443
0.281528 0.317697 0.304989 0.278596 0.230697 0.207236 0.326495 0.297169 -0.311832 -0.122435 -0.441843 -0.223854 -0.063295 0.000001 0.192573 0.192084 160.403737 130.678838
0.282011 0.317262 0.306491 0.278094 0.230603 0.207591 0.326075 0.296699 -0.308449 -0.123625 -0.441621 -0.223259 -0.061935 0.000002 0.186538 0.192414 160.188718 130.687755
0.281739 0.316957 0.306196 0.277826 0.230381 0.207391 0.325761 0.295435 -0.313044 -0.122038 -0.440218 -0.226468 -0.062609 0.000001 0.190761 0.191250 160.129112 130.693237
0.281124 0.317240 0.304551 0.278195 0.230365 0.206938 0.326025 0.296742 -0.311383 -0.122259 -0.441208 -0.227437 -0.063204 0.000001 0.192296 0.191320 159.946190 130.707710
0.282379 0.316577 0.305829 0.279448 0.231082 0.207143 0.325371 0.296058 -0.312669 -0.121892 -0.440668 -0.225219 -0.062167 0.000001 0.190044 0.192975 159.893779 130.708573
0.282315 0.316505 0.305760 0.279384 0.231029 0.207096 0.325297 0.295991 -0.312598 -0.121864 -0.440568 -0.225657 -0.062520 0.000001 0.190978 0.190978 159.791396 130.709179
0.281517 0.316707 0.305955 0.279562 0.230688 0.207228 0.325504 0.295202 -0.312797 -0.121942 -0.439871 -0.226289 -0.062559 0.000001 0.190611 0.191099 159.716683 130.712079
0.282318 0.316509 0.305763 0.279388 0.231032 0.207098 0.325301 0.295995 -0.308694 -0.124064 -0.439596 -0.226148 -0.062520 0.000001 0.190492 0.190980 159.660889 130.721386
0.280911 0.316147 0.305381 0.278954 0.231972 0.205055 0.330829 0.298529 -0.304402 -0.126263 -0.442411 -0.223163 -0.061786 0.000001 0.186948 0.194778 159.544746 130.745971
0.280937 0.316176 0.305409 0.278979 0.231993 0.205563 0.329880 0.297578 -0.304430 -0.126275 -0.442451 -0.222204 -0.063627 0.000001 0.186965 0.194796 159.500565 130.747732
0.280760 0.315977 0.305216 0.278803 0.231847 0.204945 0.330651 0.298368 -0.304238 -0.126195 -0.442172 -0.224510 -0.061752 0.000001 0.186847 0.194673 159.486427 130.755426
0.280709 0.315920 0.305161 0.278753 0.231805 0.204908 0.330591 0.298314 -0.304183 -0.126172 -0.442092 -0.224958 -0.061741 0.000001 0.186813 0.194638 159.466711 130.758609
0.280706 0.315916 0.305157 0.278750 0.231802 0.205394 0.329609 0.297333 -0.304179 -0.126171 -0.442087 -0.224956 -0.061741 0.000001 0.186811 0.192679 159.348032 130.764186
0.316871 0.298232 0.310985 0.257029 0.231032 0.205034 0.330606 0.298232 -0.305099 -0.125326 -0.456177 -0.221712 -0.063031 0.000001 0.199148 0.194243 157.742418 130.812627
0.316711 0.298138 0.310846 0.257083 0.231179 0.204787 0.330396 0.298138 -0.304980 -0.125120 -0.456493 -0.221893 -0.063049 0.000001 0.198922 0.194034 157.724829 130.821858
0.316055 0.297463 0.310184 0.256366 0.230436 0.204506 0.329754 0.297463 -0.304313 -0.124758 -0.455001 -0.228479 -0.062868 0.000001 0.198635 0.193742 157.589981 130.840624
0.315857 0.297277 0.309990 0.255228 0.233226 0.205356 0.330525 0.296299 -0.309012 -0.123214 -0.460584 -0.220513 -0.061729 0.000001 0.199978 0.193621 157.473136 130.880696
0.314454 0.296930 0.311533 0.255068 0.229756 0.207364 0.328083 0.295956 -0.309586 -0.122666 -0.460485 -0.220994 -0.062307 0.000002 0.198115 0.193735 157.386108 130.910858
0.313464 0.296863 0.310535 0.255849 0.230948 0.206047 0.330065 0.296863 -0.309558 -0.123286 -0.460919 -0.220695 -0.061765 0.000001 0.197258 0.194328 157.323375 130.925401
0.313295 0.296651 0.310358 0.255531 0.231055 0.206090 0.329939 0.297631 -0.309379 -0.123360 -0.461132 -0.220775 -0.063149 0.000001 0.199236 0.194341 157.300925 130.932613
0.313213 0.296574 0.310277 0.255464 0.231484 0.206525 0.329853 0.297552 -0.309298 -0.123328 -0.461010 -0.221207 -0.063132 0.000001 0.199673 0.194779 157.292240 130.934978
0.313274 0.296631 0.308379 0.255514 0.232018 0.206565 0.329916 0.297610 -0.309358 -0.123596 -0.462079 -0.221739 -0.063144 0.000001 0.199712 0.195307 157.262505 130.935513
0.313136 0.296501 0.310200 0.255402 0.230938 0.205985 0.329771 0.296501 -0.309222 -0.123542 -0.461876 -0.220663 -0.061771 0.000001 0.197178 0.194242 157.225971 130.945361
0.312916 0.296292 0.309982 0.255222 0.230287 0.206329 0.329540 0.297270 -0.311938 -0.123211 -0.461551 -0.220997 -0.062828 0.000001 0.199484 0.195084 157.190974 130.964656
0.314704 0.296192 0.306909 0.259168 0.229938 0.204119 0.328344 0.296192 -0.310807 -0.123251 -0.462800 -0.220195 -0.062234 0.000002 0.196325 0.193402 157.061604 130.973431
0.312609 0.296001 0.309678 0.254971 0.230549 0.205638 0.329216 0.296001 -0.311632 -0.123334 -0.463051 -0.220291 -0.061667 0.000001 0.196846 0.193915 157.030381 130.980294
0.312677 0.296066 0.307792 0.259913 0.230111 0.204217 0.329288 0.298021 -0.311700 -0.123361 -0.461199 -0.220828 -0.063024 0.000001 0.199332 0.193958 156.956124 131.005524
0.315017 0.294473 0.308169 0.259253 0.230393 0.204468 0.329692 0.297407 -0.312082 -0.123512 -0.461764 -0.220610 -0.062612 0.000001 0.199087 0.194685 156.740628 131.020454
0.311910 0.295288 0.308977 0.255199 0.232221 0.201422 0.325599 0.295288 -0.310932 -0.124666 -0.462487 -0.221466 -0.062089 0.000001 0.191155 0.192133 156.637785 131.034530
0.313826 0.294273 0.307960 0.261033 0.230237 0.204329 0.329469 0.298184 -0.311871 -0.123429 -0.461452 -0.220949 -0.062325 0.000001 0.199930 0.193575 156.454563 131.051619
0.313333 0.294787 0.305524 0.261599 0.232315 0.201080 0.325046 0.294787 -0.310405 -0.123723 -0.462678 -0.221578 -0.062471 0.000001 0.191807 0.191319 156.323982 131.055571
0.313220 0.294623 0.305390 0.261343 0.232468 0.201146 0.324966 0.294623 -0.310284 -0.123820 -0.462979 -0.221701 -0.062522 0.000001 0.191847 0.191358 156.259632 131.062442
0.314068 0.293521 0.307219 0.260255 0.228947 0.204486 0.329722 0.298413 -0.312111 -0.124013 -0.462785 -0.221119 -0.062618 0.000002 0.197638 0.194702 156.222664 131.069341
0.313871 0.293338 0.308005 0.260093 0.228804 0.204359 0.329516 0.298227 -0.311916 -0.123935 -0.462496 -0.220981 -0.063068 0.000001 0.199959 0.192625 156.142712 131.073688
0.313174 0.293600 0.308281 0.260326 0.230476 0.204542 0.329811 0.298494 -0.312195 -0.123557 -0.461931 -0.221179 -0.062390 0.000001 0.200138 0.193776 156.128507 131.077955
0.313061 0.293495 0.308170 0.260232 0.230393 0.204468 0.329692 0.298386 -0.312083 -0.123512 -0.461765 -0.222078 -0.062368 0.000001 0.200066 0.193707 156.068656 131.080448
0.313061 0.293495 0.308170 0.261210 0.230393 0.204468 0.329692 0.298386 -0.312083 -0.123512 -0.461765 -0.221099 -0.062368 0.000001 0.200066 0.193707 156.016235 131.089024
0.312859 0.293305 0.307970 0.261041 0.228778 0.204336 0.329479 0.297216 -0.311881 -0.123921 -0.462444 -0.220956 -0.062572 0.000002 0.198470 0.193092 155.920443 131.099442
0.312561 0.293026 0.307678 0.260793 0.230026 0.204142 0.329166 0.297910 -0.311585 -0.123315 -0.462981 -0.221723 -0.063001 0.000001 0.198769 0.193886 155.742934 131.112269
0.312412 0.292886 0.307530 0.260669 0.229916 0.204044 0.329985 0.297768 -0.311436 -0.123500 -0.463736 -0.221129 -0.062726 0.000002 0.198674 0.193793 155.652686 131.118639
0.315074 0.291591 0.305289 0.261257 0.232392 0.201080 0.324859 0.294526 -0.313117 -0.124024 -0.463805 -0.222118 -0.062623 0.000002 0.191784 0.191295 155.436518 131.129466
0.315409 0.290996 0.307597 0.259748 0.229965 0.204576 0.330056 0.298808 -0.311503 -0.124748 -0.463836 -0.221177 -0.062374 0.000001 0.199694 0.194811 155.435225 131.135457
0.312448 0.291879 0.308530 0.260537 0.230663 0.204707 0.330078 0.298736 -0.312448 -0.123657 -0.462306 -0.222338 -0.062441 0.000001 0.199320 0.193933 155.283686 131.137542
0.312429 0.291862 0.306553 0.260521 0.230649 0.205185 0.330059 0.297738 -0.312429 -0.123894 -0.464237 -0.221835 -0.063171 0.000001 0.199798 0.194901 155.274843 131.147378
0.312178 0.291627 0.308263 0.260311 0.230464 0.205020 0.329793 0.297499 -0.312178 -0.123550 -0.463863 -0.221656 -0.061653 0.000002 0.199148 0.192787 155.161343 131.152941
0.312114 0.291567 0.308200 0.260258 0.230416 0.204977 0.329725 0.297437 -0.312114 -0.123525 -0.463768 -0.221611 -0.063108 0.000001 0.199107 0.194215 155.156362 131.158540
0.314003 0.290526 0.309112 0.261180 0.230856 0.204933 0.330632 0.298352 -0.311068 -0.124476 -0.462689 -0.220585 -0.062849 0.000001 0.201020 0.193684 155.017881 131.165880
0.313890 0.290422 0.309001 0.261086 0.230773 0.204860 0.330514 0.297267 -0.312912 -0.123698 -0.462523 -0.221483 -0.062827 0.000002 0.200948 0.193614 154.996611 131.166835
0.313878 0.290411 0.308989 0.261076 0.230764 0.204852 0.329523 0.297255 -0.312900 -0.123693 -0.462506 -0.221475 -0.063069 0.000001 0.198985 0.194096 154.979663 131.169296
0.315191 0.289740 0.308339 0.260375 0.230520 0.204580 0.329873 0.297571 -0.312254 -0.123580 -0.463976 -0.221710 -0.063136 0.000001 0.199197 0.195281 154.975805 131.175259
0.312970 0.290475 0.309058 0.261134 0.230815 0.204898 0.330575 0.297322 -0.312970 -0.123721 -0.462609 -0.221524 -0.062839 0.000001 0.200985 0.193650 154.912584 131.179921
0.313381 0.289878 0.304568 0.275188 0.230139 0.204188 0.331988 0.299671 -0.308485 -0.125353 -0.457341 -0.223774 -0.062921 0.000000 0.202719 0.195374 154.882752 131.218138
0.313122 0.289638 0.304315 0.274960 0.230438 0.204508 0.331713 0.299423 -0.308229 -0.125249 -0.457941 -0.224078 -0.062869 0.000000 0.203040 0.195701 154.862564 131.230944
0.314619 0.290268 0.303905 0.274683 0.228902 0.203577 0.328256 0.296112 -0.310723 -0.122974 -0.461701 -0.220136 -0.062339 0.000002 0.196759 0.193837 154.725284 131.234500
0.312907 0.289439 0.306062 0.269882 0.230280 0.204367 0.329530 0.298239 -0.311929 -0.123451 -0.461537 -0.221968 -0.062337 0.000001 0.199478 0.194100 154.684777 131.243471
0.312282 0.288861 0.303499 0.273247 0.229820 0.203959 0.330824 0.298620 -0.307402 -0.124913 -0.463543 -0.221037 -0.062456 0.000002 0.197128 0.194200 154.634006 131.258651
0.314390 0.288925 0.304596 0.275213 0.230161 0.203717 0.329081 0.295781 -0.310472 -0.123160 -0.461301 -0.220367 -0.062682 0.000002 0.198330 0.193433 154.621782 131.261788
0.312708 0.289255 0.303913 0.274597 0.230134 0.204238 0.328344 0.296096 -0.310754 -0.123129 -0.462222 -0.220850 -0.062786 0.000001 0.198374 0.193488 154.604825 131.269309
0.313750 0.288337 0.305931 0.276608 0.230670 0.204768 0.328411 0.295179 -0.309840 -0.122910 -0.460362 -0.219918 -0.062555 0.000002 0.197926 0.193039 154.530370 131.273618
0.313837 0.288417 0.304060 0.274729 0.228778 0.203358 0.328502 0.296239 -0.310904 -0.122944 -0.462445 -0.221446 -0.062816 0.000001 0.196515 0.193582 154.517945 131.283424
0.313426 0.288039 0.305614 0.276322 0.230431 0.204068 0.329048 0.297803 -0.311473 -0.122783 -0.459886 -0.221644 -0.062246 0.000001 0.199675 0.193328 154.500608 131.288357
0.313778 0.287386 0.306936 0.270768 0.229713 0.202832 0.330396 0.298138 -0.310846 -0.124387 -0.462359 -0.220427 -0.062194 0.000002 0.196967 0.194034 154.484356 131.296233
0.312854 0.287435 0.306988 0.270815 0.229752 0.202867 0.329475 0.298189 -0.310899 -0.124409 -0.462438 -0.220465 -0.062326 0.000002 0.197001 0.194068 154.456091 131.307496
0.312671 0.287346 0.306827 0.270787 0.229877 0.203090 0.329230 0.298060 -0.310723 -0.124435 -0.462676 -0.220623 -0.062218 0.000001 0.197246 0.194324 154.444520 131.314152
0.313339 0.286984 0.306506 0.275270 0.228904 0.204500 0.328957 0.296745 -0.310411 -0.122993 -0.461712 -0.220607 -0.062473 0.000002 0.197179 0.194251 154.343661 131.318817
0.313388 0.286946 0.305553 0.275194 0.229654 0.204192 0.329057 0.296739 -0.310450 -0.123152 -0.462247 -0.220840 -0.062555 0.000002 0.197336 0.194398 154.326996 131.320334
0.313227 0.286798 0.306375 0.275052 0.229047 0.204576 0.328888 0.296587 -0.310290 -0.123088 -0.462010 -0.220727 -0.062523 0.000002 0.197235 0.194299 154.301164 131.323412
0.311436 0.287029 0.304602 0.275314 0.229428 0.204045 0.329010 0.296792 -0.310460 -0.124477 -0.462761 -0.220641 -0.062360 0.000002 0.197211 0.194282 154.195818 131.333783
0.315863 0.284570 0.305106 0.275769 0.230297 0.202915 0.328576 0.297283 -0.310974 -0.123216 -0.462549 -0.221984 -0.062586 0.000002 0.197537 0.194603 154.026083 131.369032
0.315506 0.284249 0.306715 0.275458 0.230036 0.202686 0.328205 0.296947 -0.310622 -0.123077 -0.462026 -0.221734 -0.062515 0.000002 0.197314 0.194383 153.927435 131.385163
0.314528 0.284248 0.306714 0.275456 0.230035 0.202685 0.329180 0.296946 -0.311598 -0.123076 -0.462024 -0.221733 -0.062515 0.000002 0.197313 0.194382 153.800914 131.386560
0.312926 0.284567 0.307059 0.275766 0.230294 0.202913 0.328572 0.297280 -0.310970 -0.123215 -0.461566 -0.221982 -0.062585 0.000002 0.197535 0.194601 153.688945 131.389528
0.314086 0.283848 0.306283 0.275069 0.229712 0.203376 0.328717 0.296528 -0.311160 -0.123391 -0.463326 -0.221421 -0.062427 0.000002 0.197035 0.193621 153.609421 131.391978
0.318343 0.280142 0.308548 0.272306 0.231166 0.204229 0.331077 0.297773 -0.312466 -0.123664 -0.463311 -0.221861 -0.062567 0.000001 0.203250 0.194924 153.326481 131.436905
0.318033 0.279869 0.308247 0.272041 0.231430 0.204520 0.331733 0.297483 -0.312162 -0.123788 -0.463839 -0.222134 -0.062628 0.000001 0.203541 0.195223 153.186661 131.442982
0.317747 0.279617 0.307970 0.271796 0.230733 0.203847 0.330457 0.299171 -0.311881 -0.124899 -0.464399 -0.221445 -0.062449 0.000001 0.202869 0.195537 153.086469 131.479612
0.312213 0.279916 0.308299 0.272086 0.230979 0.205043 0.330809 0.298511 -0.312213 -0.125032 -0.464895 -0.221681 -0.062516 0.000001 0.200149 0.195256 152.345395 131.479981
0.315052 0.276894 0.319944 0.280807 0.231397 0.205469 0.330707 0.298419 -0.304289 -0.123526 -0.450074 -0.227972 -0.058828 0.000002 0.198620 0.193238 152.318088 131.494694
0.315051 0.276893 0.319943 0.280806 0.231396 0.205468 0.331684 0.294504 -0.304288 -0.123525 -0.450073 -0.227972 -0.058827 0.000002 0.198619 0.193238 152.284989 131.507910
0.312440 0.277180 0.320275 0.272283 0.231636 0.211068 0.329090 0.299707 -0.310481 -0.124878 -0.453478 -0.224780 -0.062194 0.000002 0.206661 0.193928 152.270061 131.530911
0.312129 0.276904 0.319956 0.273969 0.233363 0.210858 0.328762 0.299409 -0.310172 -0.124754 -0.453027 -0.224557 -0.062132 0.000001 0.206455 0.193735 152.227957 131.531608
0.312129 0.276904 0.319956 0.273969 0.233363 0.210858 0.328762 0.299409 -0.310172 -0.124754 -0.453027 -0.224557 -0.062132 0.000002 0.206455 0.193735 152.227942 131.531614
0.313213 0.276998 0.317128 0.277977 0.234910 0.204078 0.331810 0.297553 -0.310277 -0.123083 -0.451223 -0.229037 -0.062887 0.000002 0.204078 0.195269 152.199008 131.537669
0.313248 0.276050 0.317164 0.278008 0.234936 0.204101 0.331847 0.299544 -0.308354 -0.125299 -0.451273 -0.228084 -0.062894 0.000002 0.204101 0.195291 152.165553 131.561194
0.312920 0.276739 0.316832 0.277717 0.234690 0.203887 0.331500 0.297274 -0.310964 -0.125168 -0.450800 -0.227845 -0.062828 0.000002 0.203887 0.195086 152.151149 131.572709
0.312780 0.276615 0.316690 0.279547 0.229698 0.205262 0.330374 0.298118 -0.312780 -0.125112 -0.450599 -0.227743 -0.062800 0.000001 0.203307 0.194999 152.097653 131.599321
0.313543 0.275449 0.318427 0.279356 0.232960 0.204634 0.330149 0.297915 -0.313543 -0.122829 -0.450291 -0.228564 -0.062513 0.000001 0.204145 0.194866 151.985769 131.601503
0.313250 0.275192 0.318130 0.279095 0.232742 0.204442 0.329840 0.297637 -0.314226 -0.124910 -0.449871 -0.227375 -0.062455 0.000001 0.203954 0.194684 151.934722 131.630944
0.314999 0.271956 0.327716 0.266086 0.235760 0.203967 0.330651 0.299347 -0.312064 -0.124972 -0.450977 -0.226956 -0.062609 0.000001 0.202989 0.195652 151.822990 131.652375
0.314885 0.271857 0.319775 0.280658 0.232252 0.203893 0.330531 0.298261 -0.312929 -0.123216 -0.453747 -0.223940 -0.062830 0.000001 0.203404 0.194603 151.510368 131.713769
0.314229 0.269199 0.322060 0.279967 0.229554 0.205081 0.330870 0.298567 -0.318145 -0.121874 -0.451276 -0.229064 -0.062650 0.000001 0.203613 0.195292 150.867742 131.751991
0.314091 0.269081 0.321919 0.279844 0.229942 0.205480 0.330725 0.298435 -0.313112 -0.125000 -0.451077 -0.227985 -0.062867 0.000001 0.203523 0.195206 150.754419 131.770215
0.315907 0.266853 0.322775 0.280589 0.230554 0.206027 0.332586 0.299229 -0.313945 -0.122635 -0.452277 -0.228591 -0.063034 0.000001 0.204064 0.195725 150.314621 131.798778
0.314883 0.266966 0.318795 0.279679 0.236163 0.206826 0.331508 0.299237 -0.314883 -0.125171 -0.453745 -0.227850 -0.062586 0.000002 0.205848 0.196558 150.251581 131.801066
0.314872 0.265978 0.321717 0.281624 0.233709 0.204862 0.333451 0.300204 -0.312916 -0.122233 -0.452750 -0.230286 -0.062828 0.000001 0.206818 0.196061 150.028100 131.820804
0.314000 0.266069 0.320847 0.281720 0.233299 0.204442 0.332586 0.300305 -0.312044 -0.125209 -0.451925 -0.229875 -0.062482 0.000001 0.206888 0.194660 149.983150 131.846463
0.313144 0.265194 0.319994 0.292594 0.232411 0.205501 0.330758 0.298465 -0.312165 -0.123056 -0.453080 -0.223604 -0.061650 0.000001 0.203054 0.194736 149.845201 131.890851
0.316682 0.260969 0.325479 0.289314 0.236045 0.204768 0.328411 0.297134 -0.302998 -0.124131 -0.452542 -0.224316 -0.062310 0.000001 0.198904 0.194505 149.747919 131.924740
0.366011 0.222747 0.368955 0.255128 0.240409 0.208028 0.323817 0.296341 -0.289472 -0.133452 -0.443531 -0.224218 -0.062188 0.000001 0.203612 0.191837 148.569631 132.010372
0.365031 0.222532 0.367959 0.254741 0.240100 0.207404 0.325014 0.295733 -0.288901 -0.133226 -0.443112 -0.227900 -0.063441 0.000002 0.202524 0.192763 148.536850 132.014217
0.371240 0.221278 0.366355 0.253029 0.239352 0.206624 0.323369 0.294061 -0.287222 -0.132865 -0.440603 -0.236421 -0.063257 0.000001 0.203693 0.190993 148.531760 132.025610
0.364788 0.222002 0.367722 0.254276 0.239606 0.207332 0.322734 0.295351 -0.288505 -0.133006 -0.439114 -0.237161 -0.061980 0.000001 0.202932 0.191196 148.496376 132.036653
0.364050 0.221660 0.366986 0.253465 0.239275 0.206980 0.323926 0.294568 -0.287717 -0.133094 -0.441362 -0.236339 -0.063366 0.000001 0.202576 0.191322 148.464448 132.051896
0.363436 0.221560 0.366351 0.253628 0.239052 0.206498 0.323594 0.294442 -0.287639 -0.132644 -0.441176 -0.239052 -0.062435 0.000001 0.201639 0.191921 148.444749 132.057974
0.363626 0.221401 0.366558 0.254147 0.239485 0.207716 0.325504 0.296179 -0.303021 -0.132450 -0.437915 -0.235575 -0.062559 0.000001 0.210160 0.193054 148.300008 132.160146
0.361964 0.220769 0.364875 0.252307 0.237751 0.206213 0.327999 0.294035 -0.309561 -0.122757 -0.459005 -0.219313 -0.062592 0.000001 0.208639 0.192627 148.245247 132.312022
0.360796 0.219998 0.363729 0.251286 0.241020 0.205820 0.322663 0.294308 -0.308974 -0.123199 -0.460528 -0.220975 -0.059766 0.000002 0.204842 0.191642 148.188052 132.339351
0.359406 0.219150 0.362328 0.250318 0.240091 0.203566 0.328238 0.296096 -0.310706 -0.123211 -0.462650 -0.221098 -0.062823 0.000001 0.204053 0.193826 148.124345 132.350249
0.359769 0.218990 0.362702 0.250274 0.240009 0.203348 0.328485 0.296223 -0.310887 -0.123182 -0.462420 -0.220945 -0.062813 0.000001 0.203836 0.194060 148.123101 132.355359
